StationCode,lat,lon
000CAT148,39.07525,-119.89953
000CAT228,39.07317,-119.92006
103CDCHHR,41.78887,-124.07766
103FC1106,41.93373,-124.1084
103KLCMSR,41.85532,-123.85239
103PS0217,41.68708,-124.08349
105BVCAGC,41.61201,-123.29221
105CLCATC,41.7349,-123.54822
105CR0901,41.3226,-123.5227
105CR0913,41.844,-122.8934
105DLCDCC,41.57269,-123.54353
105FLH087,41.8124,-120.79008
105PS0149,41.241,-123.65545
105PS0211,41.42697,-122.9217
105PS0231,41.60865,-122.45671
105PS1148,41.8659,-122.4641
105PS1404,41.92433,-122.38887
105SED077,41.62417,-122.06463
105TMCACC,41.73691,-123.54855
106FC1183,40.63704,-122.7465
106FC1313,40.87032,-122.80039
106HLCACC,41.01605,-123.59623
106MNCAHC,40.638,-123.321
106PS0186,40.3062,-123.1213
106PTCAHC,40.49615,-123.03502
106WER062,41.13472,-122.80333
107GWCAPC,41.36788,-124.02434
107LLM101,41.32697,-124.02387
108PS0197,41.176,-124.0853
111CBCAER,39.52904,-122.84832
111ERATRC,39.5525,-122.8613
111FC1098,39.75738,-123.72484
111PS0178,40.67994,-123.95064
111PS0237,40.33346,-123.46499
111TGCAER,39.39523,-122.86543
111WE0813,39.95969,-123.43736
113MLCTMR,39.54722,-123.72528
113PS0076,38.9363,-123.5005
113PS0196,39.5439,-123.6553
113PS0216,38.51536,-123.24221
113PS0232,38.66785,-123.30996
113PS0268,39.15598,-123.4593
113RG8046,38.47575,-123.15189
114AU7778,38.58703,-123.11811
114CR0903,38.81627,-123.01119
114DCURxx,38.95381,-123.14825
114DLCMRx,39.12817,-123.22369
114EACR6x,38.5923,-123.0627
114FCASCx,38.82916,-122.91117
114FCR2xx,38.58139,-122.88258
114FCR3xx,38.581,-122.88276
114FCR4xx,38.58085,-122.88326
114GCR2xx,39.37343,-120.02822
114JVCLRx,38.40108,-122.86244
114MA2364,38.63048,-122.76788
114MCR1xx,38.58492,-122.87572
114MCR2xx,38.584,-122.88736
114MCR3xx,38.59473,-122.91599
114MCR8xx,38.59434,-122.91674
114MRCMRx,39.06608,-123.12056
114PS0149,38.43414,-122.67608
114PS0229,38.61538,-122.78391
114WLCR1x,38.59883,-122.91925
115SALG01,38.34327,-122.95891
201AHO350,37.94495,-122.74306
201AUD020,37.93081,-122.68037
201CHE300,38.03977,-122.74191
201EAS020,37.89844,-122.64174
201EAS050,37.90023,-122.63733
201HAL100,38.07074,-122.68896
201LAG050,38.04181,-122.78969
201LAG140,38.07034,-122.77051
201LAG150,38.06669,-122.70264
201LAG160,38.06156,-122.69958
201LAG175,38.04473,-122.750729
201LAG280,38.013003,-122.660755
201LAG300,38.01275,-122.64689
201LAG330,37.99194,-122.66972
201LAGCPT,38.01923,-122.729
201PNG010,37.91971,-122.69181
201PNG050,37.95451,-122.718
201RDW040,37.86306,-122.57202
201ROD040,37.83904,-122.51644
201ROD050,37.83291,-122.51613
201TVY030,37.84857,-122.54224
201WLK030,38.24111,-122.90431
201WLK050,38.24353,-122.89806
201WLK098,38.215233,-122.864597
201WLK100,38.2145,-122.85794
201WLK120,38.20764,-122.79456
201WLK130,38.20639,-122.76975
201WLK150,38.184404,-122.838774
201WLK170,38.16445,-122.81136
201WLK178,38.163658,-122.783144
201WLK230,38.14342,-122.72472
201WLK240,38.13589,-122.70914
202BUT010,37.25003,-122.39553
202BUT480,37.21363,-122.31411
202BUT600,37.2159,-122.30727
202BUT850,37.22664,-122.2412
202DRY010,37.35917,-122.39124
202LAH950,37.38878,-122.28429
202MIC150,37.45232,-122.39242
202PES080,37.252,-122.3698
202PES168,37.26166,-122.24082
202PS0134,37.46526,-122.42819
202PS0246,37.46248,-122.3746
202SGR110,37.34591,-122.27425
202TUN600,37.39083,-122.36826
203BAX030,37.91828,-122.32587
203BAX050,37.93151,-122.32097
203CER020,37.89821,-122.3039
203COD020,37.88188,-122.30692
203COD080,37.88242,-122.28475
203COD120,37.88437,-122.26879
203LOB020,37.78827,-122.48393
203STW010,37.8679,-122.2869
203STW030,37.87051,-122.26495
203TEM060,37.84671,-122.24824
203TEM090,37.84359,-122.22686
204ALA525,37.49664,-121.76043
204ALP100,37.70739,-121.75325
204ALP110,37.70528,-121.75417
204ALP140,37.72175,-121.69658
204AMO070,37.67672,-121.81452
204AMO100,37.66747,-121.75031
204AMO160,37.62683,-121.70485
204AMO180,37.60316,-121.66948
204AMO200,37.48213,-121.5324
204ARH090,37.45116,-121.75463
204AVJ130,37.75314,-122.14926
204IND200,37.56223,-121.7982
204INDSAR,37.56394,-121.7993
204ISL050,37.74169,-122.44293
204LACSAC,37.56583,-121.78083
204LIO080,37.78223,-122.18021
204LIO130,37.79185,-122.17948
204LME100,37.81726,-122.26107
204PRL020,37.7781,-122.21812
204PRL080,37.80263,-122.19499
204PS0294,37.68094,-122.14463
204SIN300,37.64035,-121.92492
204SLE030,37.72556,-122.18361
204SLE165,37.79072,-122.08718
204SLE170,37.80028,-122.14472
204SLE180,37.80111,-122.14472
204SLE220,37.81833,-122.14583
204SMA020,37.57028,-122.31861
204SMA110,37.53233,-122.35088
204SMA120,37.53258,-122.35121
204SMA180,37.4878,-122.34309
204SMC600,37.32471,-121.67017
204VAL400,37.47092,-121.66639
205AAG075,37.39043,-121.78352
205AAG375,37.36018,-121.73719
205AAG400,37.37189,-121.73289
205COY585,37.09003,-121.46985
205COY610,37.1177,-121.48111
205COY615,37.12125,-121.48027
205COY850,37.18217,-121.5066
205COY853,37.17774,-121.49712
205COY900,37.17551,-121.47741
205COY930,37.18975,-121.46888
205CYCBBC,37.126,-121.481
205GCAxxx,37.181,-121.87444
205LGA700,37.11971,-121.90318
205LGAxxx,37.16769,-121.97942
205LGBxxx,37.21333,-121.98694
205PER020,37.41206,-122.08663
205PER030,37.36565,-122.09877
205PER040,37.36245,-122.08656
205PER050,37.35264,-122.08617
205PER080,37.33335,-122.09381
205PS0157,37.30143,-121.83516
205PS0170,37.36198,-121.87387
205PS0173,37.2388,-121.8847
205PS0202,37.3456,-122.0889
205PS0221,37.26711,-121.79606
205PS0234,37.3932,-121.81412
205SED075,37.28158,-122.07503
205SFC880,37.30676,-121.68893
205STE030,37.38658,-122.06917
205STE040,37.36474,-122.06224
205WUN450,37.44892,-122.29426
205WUN550,37.45211,-122.29852
206BRC020,37.92779,-122.15034
206CALASC,38.363,-122.52538
206FC1339,38.59731,-122.59839
206HCT020,38.47124,-122.48879
206NAP700,38.62776,-122.61277
206NVCPNP,38.11385,-122.58879
206PET010,38.18173,-122.60322
206PET060,38.18765,-122.66415
206PET070,38.1984,-122.70437
206PET090,38.23337,-122.5777
206PET130,38.24295,-122.59433
206PET150,38.25533,-122.5835
206PET220,38.24751,-122.62795
206PET265,38.25164,-122.63268
206PET280,38.27476,-122.61928
206PET350,38.27173,-122.67676
206PET360,38.27715,-122.6805
206PICARR,38.36138,-122.39086
206PIN610,37.97275,-122.22828
206PIN825,37.96288,-122.20152
206PS0165,38.57322,-122.56939
206PS0230,37.95974,-122.27867
206RCCBDC,38.35466,-122.42661
206SPA100,37.96992,-122.30829
206SPA140,37.92194,-122.16333
206SPA150,37.92611,-122.15889
206SPA160,37.92722,-122.1525
206WIL190,37.88444,-122.22949
207CE0678,37.97611,-122.06777
207KIR090,38.00975,-121.87983
207MTD030,37.97156,-121.96985
207MTD100,37.9357,-121.93886
207MTD117,37.91847,-121.94421
207MTD120,37.9205,-121.942
207MTD130,37.94433,-121.92226
207MTD140,37.92084,-121.92669
207PS0150,37.86031,-122.03402
207PS0241,38.2935,-122.02288
207SUI010,38.21833,-122.10444
207SUI062,38.27543,-122.12375
207SUI110,38.33086,-122.13858
207SUI130,38.3478,-122.1309
207SUI180,38.35689,-122.17086
207SUI210,38.36333,-122.17444
207SUI260,38.37528,-122.14222
207SUI290,38.37183,-122.13973
207WAL412,37.86103,-122.10192
207WAL415,37.84789,-122.1084
207WAL475,37.82956,-122.0743
304ACSDFx,37.08333,-121.91361
304PS0146,36.9832,-121.99474
304PS0194,37.1597,-122.234
304PS0253,37.20189,-122.14665
304PS0274,37.04831,-122.06681
304SCEF,37.08333,-121.91361
304SCEFLx,37.08333,-121.91361
304SCM,37.10439,-122.25062
304SCRH,37.11639,-122.24806
304SCS5,37.11639,-122.24806
304SCSDFx,37.08333,-121.91361
304SCUM,37.11639,-122.24806
304SED055,36.97447,-121.90287
304SED058,37.13171,-122.10576
304SED068,36.97749,-121.95689
304SED070,37.0383,-121.94204
304SED072,37.163,-122.13624
304SED073,37.11501,-122.26981
304SED074,37.04956,-122.06586
304SED110,37.15999,-122.12634
304SED111,37.02964,-122.05787
304SED112,37.04361,-122.22637
304SLB,37.0443104,-122.0709615
304SLE,37.12777,-122.12103
304SOQ,36.97343,-121.95282
304SOU,37.03089,-121.9453
304SPC236,37.16832,-122.21421
304SVC,37.02095,-122.1867
304WDCAH1,37.11371,-122.26978
304ZAY,37.04956,-122.06429
305BRI,36.61423,-121.21056
305COR,36.91275,-121.74372
305COR2,36.98905,-121.80135
305CRCBVR,36.98975,-121.80175
305FRA,36.96342,-121.49082
305LGCBRC,37.14815,-121.77368
305PCCH15,36.94417,-121.38389
305PS0057,36.95204,-121.51176
305SCC,36.91556,-121.74194
305SED061,36.98979,-121.80336
305SSCAUC,37.08499,-121.79433
305UVCASC,37.0866,-121.79451
307CML,36.53637,-121.91167
307CMN,36.3992,-121.66046
307CMRADC,36.37222,-121.66308
307SCCARR,36.43081,-121.79847
307SED060,36.36112,-121.65651
308BGC,36.0709,-121.59807
308MWCAH1,36.16255,-121.66643
308PS0204,36.26011,-121.79423
308PWCAH1,35.93554,-121.46781
308SAM,35.81577,-121.35838
308SBCAH1,36.4551,-121.92261
308SED059,36.28121,-121.83414
308WLO,35.89369,-121.45966
309ARSARC,36.11966,-121.46866
309DAV,36.6468,-121.70138
309GRN,36.33769,-121.20518
309LAS1MI,36.2288,-121.4953
309LOR,36.26731,-121.0683
309PS0072,36.19092,-121.12806
309SAC,36.55375,-121.54773
309SAP,35.29414,-120.38844
309SDCMCC,36.48787,-121.15179
309SEC,36.28052,-121.32153
309SED056,36.23563,-121.48697
309SED057,36.28053,-121.32254
309SED062,36.0035,-121.39137
309SED063,35.2942,-120.38886
309SED064,35.89448,-121.09096
309SED071,36.21881,-121.51405
309WLCATC,36.21306,-121.53505
310ADLCDx,35.70981,-121.30828
310ADLCUx,35.70958,-121.30592
310COO,35.25475,-120.88549
310CVC,35.32415,-120.74257
310OLD,35.47167,-120.85894
310PCD,35.61673,-121.14803
310PCU,35.61761,-121.14773
310PCWE,35.61653,-121.14808
310PCWECx,35.61653,-121.14808
310PCWEGx,35.61653,-121.14808
310SCN,35.28046,-120.66691
310SCP,35.76452,-121.31863
310SED065,35.61385,-121.07088
310SED066,35.56639,-121.06781
310SSCLSx,35.61043,-121.08293
312BRE,34.85395,-120.19353
312HUA,35.08665,-120.36816
312MZCDBC,34.77044,-119.93702
312RYCALR,34.67437,-119.29751
312SED113,34.84065,-120.16696
315ARH101,34.4817,-120.14088
315CHCALS,34.59321,-120.53113
315ECAECS,34.46194,-120.02152
315GAVGSP,34.47395,-120.22866
315MIU,34.44673,-119.70745
315RC3,34.39639,-119.45333
315TC2,34.44583,-119.56278
402BA0031,34.44652,-119.29227
402M00002,34.31063,-119.29916
402M00005,34.51364,-119.40097
402M00009,34.41824,-119.37505
402M00015,34.47484,-119.29151
402M00029,34.35798,-119.31172
402M00030,34.43881,-119.29959
402M00042,34.46039,-119.28891
402M00043,34.50161,-119.34749
402M00046,34.42402,-119.30011
402MTCUNF,34.5175,-119.3792
403LNCASC,34.53892,-119.16139
403M01500,34.29132,-119.14776
403M01505,34.41709,-118.92546
403M01506,34.39739,-118.79347
403M01522,34.41442,-118.78842
403M01528,34.27599,-119.14219
403M01538,34.41199,-118.83067
403M01539,34.54733,-119.16554
403M01553,34.43845,-118.92539
403M05757,34.54518,-118.43467
403M05758,34.43484,-118.61254
403M05771,34.69939,-118.79476
403M05774,34.42692,-118.62067
403M05780,34.60452,-118.55686
403M05785,34.37091,-118.47199
403M05795,34.60898,-118.77961
403R4S117,34.58739,-118.45116
403R4S137,34.44605,-118.4892
403R4S193,34.41722,-118.78927
403R4S211,34.57232,-118.46287
403S00064,34.64435,-118.51372
403S00640,34.60115,-118.558
403S00772,34.40976,-118.9322
403S00831,34.43048,-118.8318
403S00875,34.55668,-119.30629
403S00960,34.59079,-118.4617
403S01163,34.69943,-118.86529
403S01195,34.55903,-119.2678
403S01272,34.40303,-118.6905
403S01707,34.59835,-119.34799
403S01784,34.40228,-118.7471
403S01883,34.71629,-119.0189
403S02363,34.55885,-119.15456
403S03320,34.39996,-118.72346
403S03643,34.56213,-119.12891
403S03832,34.40211,-118.78471
403S04600,34.39728,-118.7105
403S05247,34.36931,-118.98739
403S05291,34.56397,-119.26305
403S06139,34.55464,-119.2405
403S06283,34.69386,-118.86079
403S06315,34.59223,-119.31033
403S06660,34.42963,-118.92373
403S06904,34.41964,-118.78769
403S07024,34.6092,-118.75771
403S07227,34.56208,-119.16664
403S11084,34.42487,-118.56081
403S14156,34.42523,-118.582
403S15608,34.4019,-118.70052
403S16332,34.5317,-118.75812
403S16493,34.6867,-118.84546
403S16978,34.42319,-118.76771
403S18093,34.69441,-118.85658
403S34646,34.42556,-118.56616
403S39062,34.4323,-118.61744
403SCSARB,34.42327,-118.53961
403SCVARC,34.43125,-118.5913
403SCVARD,34.4328,-118.59466
403SED076,34.56182,-119.16611
404BA0852,34.07877,-118.82037
404LVCALC,34.12573,-118.70748
404M04517,34.17649,-118.70612
404M04532,34.1744,-118.78748
404M04599,34.09458,-118.92442
404M07346,33.8024,-118.39639
404M07349,34.07803,-118.70166
404M07354,34.02025,-118.38647
404M07357,34.07936,-118.59437
404M07358,33.98675,-118.41043
404M07360,34.15459,-118.75848
404M07361,34.10164,-118.62119
404M07362,33.8009,-118.38703
404R4S001,34.16329,-118.81069
404R4S009,34.17601,-118.76169
404R4S015,34.14255,-118.75224
404R4S056,34.04587,-118.63873
404R4S070,34.042,-118.89747
404R4S089,33.98426,-118.41426
404S00808,34.11411,-118.77907
404S01128,34.1039,-118.71271
404S02920,34.17748,-118.767
404S03048,34.18426,-118.79089
404S05992,34.15698,-118.7588
404S06456,34.06463,-118.58685
404S08040,34.14358,-118.75527
404S08616,34.12188,-118.7924
404S08846,34.05442,-118.58176
404S11406,34.04939,-118.69
404S13160,34.1578,-118.75973
404S13416,34.09875,-118.71594
404S16168,34.06765,-118.70704
404S16516,34.12998,-118.75648
404S17016,34.1183,-118.78057
404S17266,34.10741,-118.7118
404S17664,34.14994,-118.6976
404S18250,34.13222,-118.82051
404S22464,34.12676,-118.70685
404S23297,34.05006,-118.58103
404S24066,34.16321,-118.70077
404S25298,34.04553,-118.68732
404S25668,34.12139,-118.70914
404S26670,34.16385,-118.76205
404S26868,34.09675,-118.71737
404S27470,34.17445,-118.76389
404S28068,34.13936,-118.70366
404S28270,34.13663,-118.75725
404S31468,34.16874,-118.76171
404S32468,34.0999,-118.72304
404S33670,34.15824,-118.70012
404S34120,34.16558,-118.78918
404S34230,34.06909,-118.58678
404S35270,34.13325,-118.70656
404S35418,34.08262,-118.70857
404S37670,34.14074,-118.70117
404S44210,34.14301,-118.75779
404S44532,34.12682,-118.79617
404S44642,34.16873,-118.70306
404S45622,34.06149,-118.58534
404S45745,34.05902,-118.9339
404S48200,34.07772,-118.92395
404SMB001,34.06464,-118.93269
404SMB004,34.04516,-118.91352
404SMB010,34.03934,-118.86875
404SMB011,34.04347,-118.84541
404SMB017,34.05513,-118.77733
404SMB021,34.03849,-118.75234
404SMB024,34.03362,-118.73423
404SMB035,34.03748,-118.63697
404SMB038,34.04102,-118.59718
404SMB041,34.0396,-118.58955
404SMB043,34.06499,-118.58679
404SMB075,34.09488,-118.6019
404SMB21A,34.04975,-118.7532
404SMB41A,34.04494,-118.58881
404VCBSCL,34.07194,-119.0153
404VCLSCU,34.06514,-118.96317
405BRCASG,34.24092,-117.88449
405BRCSGR,34.25031,-117.88372
405M10596,33.81024,-118.12821
405M10598,34.06991,-117.77146
405M10599,33.95045,-118.04896
405M10600,33.85293,-118.10127
405PS0011,33.88054,-117.89743
405SGB003,34.28157,-117.88508
405SGB004,33.98064,-117.92943
405SGB006,34.25553,-117.82139
405SGB010,34.19498,-117.86114
405SGB011,33.8211,-118.09157
405SGB015,33.85783,-118.11163
405SGB018,34.14062,-117.78842
405SGB022,34.15019,-117.83738
405SGB025,34.12757,-117.729
405SGB027,33.79958,-118.09022
405SGB034,34.22498,-117.76111
405SGB036,33.95935,-117.9822
405SGB041,34.12332,-117.7725
405SGBNFK,34.2482,-117.8655
405SGBWFK,34.2406,-117.89
405SGRAAG,34.26448,-117.74751
405SMB048,34.05101,-118.5111
405SMB059,33.80169,-118.39075
405SMB060,33.80299,-118.39655
407CE0668,34.28231,-119.21909
407M01516,34.25539,-119.25498
408ACCR3x,34.22722,-118.93194
408CAL003,34.14722,-119.11837
408CAL006,34.16443,-119.06255
408CGCS02,34.28342,-118.81739
408CGCS04,34.27161,-118.92406
408CGCS06,34.17978,-119.04053
408CGCS12,34.19114,-119.00464
408CGCS13,34.16781,-119.09272
408M03005,34.27001,-118.74203
408M03015,34.20947,-118.88115
408M03019,34.26742,-118.94037
408M03020,34.16846,-119.05726
408M03027,34.22489,-118.92975
408M03036,34.17991,-119.07852
408M03038,34.27491,-118.88512
408M03047,34.17338,-119.0517
408M03052,34.18063,-119.1039
408WE1039,34.14743,-119.087
412LAR003,34.20105,-118.30268
412LAR004,34.26825,-118.60806
412LAR007,33.99431,-118.18055
412LAR008,34.26316,-118.55704
412LAR009,34.2273,-118.31987
412LAR013,34.29719,-118.24705
412LAR015,34.09369,-118.02886
412LAR018,34.24375,-118.22177
412LAR019,34.15691,-118.3035
412LAR020,34.25773,-118.59616
412LAR023,33.86185,-118.19653
412LAR024,34.24862,-118.5428
412LAR025,34.25182,-118.29597
412LAR031,33.99525,-118.10604
412LARBBK,34.1599,-118.3042
412LARCMP,33.8473,-118.2096
412LARRHO,33.9377,-118.1707
412LARSCO,34.0827,-118.2215
412LARTJA,34.1501,-118.3907
412M08597,34.15524,-118.43907
412M08599,34.10602,-118.24338
412M08602,33.97131,-118.16996
412M08608,34.18543,-118.49768
412M08610,34.20112,-118.01825
412M08616,34.18855,-118.61028
412M08622,34.19378,-118.10274
412M08627,33.86326,-118.19655
412M08630,34.05961,-118.08902
412M08632,34.23834,-118.6077
412M08638,34.20922,-118.17119
412S04204,34.2036,-118.0185
481M15356,34.23115,-117.66159
481S05856,34.19152,-117.67601
504CBBLBW,39.744,-121.81648
504DYCBSB,40.08833,-122.09027
504FC1115,39.98053,-121.97234
504PS0083,40.01911,-122.37155
504PS0574,39.8958,-121.9236
504PS0595,39.75107,-122.13344
505BMCMCR,41.09566,-122.136
505FC1275,41.29989,-122.11879
505LBCAMR,41.09204,-122.11268
505MRSRxx,41.25622,-121.88169
505MRTNCx,41.09417,-122.11556
505PS1180,41.2637,-121.9141
505SED022,41.25543,-121.88025
507BCSFPW,40.5332,-121.93
507BTC269,40.35193,-121.63451
507CLCORF,40.70236,-121.91851
507DCABSF,40.44283,-121.72449
507DCBLLB,40.43895,-121.77714
507MZCAML,40.5309,-121.553
507OCCPHx,40.68,-121.87039
507PS0122,40.39457,-121.93616
507RCABRS,40.4531,-121.75377
507RCBLPF,40.45478,-121.83337
507SED021,40.34795,-121.5918
507SPIMBL,40.49868,-121.65555
507SPISFD,40.43892,-121.70881
507SPIUBL,40.49799,-121.63843
508CCMPRx,40.54583,-122.17556
508CR1011,40.47343,-122.30323
508PS0458,40.49391,-122.44755
508PS0618,40.51949,-122.37188
508SCCO44,40.54557,-122.17428
509CBCADC,40.202,-121.509
509CTC033,40.2466,-121.4075
509CTCADC,40.2206,-121.4132
509DCPWxx,40.06961,-121.70886
509MLC145,40.28931,-121.56823
509PS0334,40.22426,-121.989
509SED024,40.32351,-121.51829
509SED098,40.26796,-121.4359
509SPIJD3,40.29815,-121.75529
509SPIJD4,40.29557,-121.78269
510CR1007,38.43501,-121.52491
511FC1357,38.34677,-121.89999
511PS0657,38.34775,-122.00297
511PTCUCD,38.52724,-121.80169
511USSR88,38.607,-121.99204
511UTCFVA,38.36944,-121.99472
511WLSR27,38.61976,-121.83268
513PS0200,39.18,-122.6673
513STCAIV,39.1846,-122.5356
514BRU001,38.8113,-120.62167
514BRU002,38.80833,-120.62472
514BRU003,38.80806,-120.62778
514BRU004,38.80778,-120.6325
514BRU005,38.80556,-120.63639
514DNCLDC,39.13879,-120.47561
514FC1215,38.97275,-121.29146
514GRL001,39.96444,-120.39361
514GRL002,39.96167,-120.39278
514GRL003,38.95861,-120.39222
514GRL004,38.95528,-120.39417
514GRL005,38.95417,-120.39889
514GRLUPx,38.98444,-120.37861
514ICE001,38.82097,-120.36167
514ICE002,38.81663,-120.36676
514ICE003,38.81674,-120.37285
514ICE004,38.81905,-120.37928
514ICE005,38.81501,-120.38368
514MDCABC,39.06366,-120.26834
514MFA010,39.1012,-120.6521
514PCAPC2,38.9069,-120.5075
514PS0099,38.9599,-120.4839
514PS0351,38.8926,-121.1444
514RCR001,39.05506,-120.40892
514RCR002,39.042,-120.428
514RCR003,39.037,-120.433
514RCR004,39.03291,-120.43461
514RCR005,39.02812,-120.43536
514SED078,39.15227,-120.40052
514SED101,38.84836,-120.3772
514SED103,38.81331,-120.25771
514SSC190,38.81763,-120.44086
514UNI001,38.85194,-120.45944
514UNI002,38.85139,-120.46389
514UNI003,38.84889,-120.47028
514UNI004,38.84556,-120.47167
514UNI005,38.8475,-120.47778
514UNIUPx,38.88056,-120.35861
515BRRPTG,38.98491,-121.48676
515HCSSHR,39.30417,-121.56496
515JCSLRR,39.22499,-121.51037
515PS0490,39.3201,-121.5193
515PS0622,39.00558,-121.39953
515YRMxxx,39.17583,-121.52389
516PS0324,39.10857,-121.29182
516PS0516,39.02439,-121.2308
516PS0543,39.09774,-121.11078
517FC1248,39.66106,-120.88932
517LCCAYB,39.59879,-120.51104
517PLC127,39.5847,-120.8103
517PSC038,39.50235,-120.5271
517SED087,39.47102,-120.92577
517SLT050,39.6919,-120.93829
517SMC266,39.61971,-120.61046
518BTCASC,40.18694,-121.30683
518CDS022,39.5271,-120.2894
518CE0543,39.67555,-120.36777
518CHCANF,39.7199,-121.4217
518CLD070,39.55977,-120.35435
518CR0909,40.00191,-121.26822
518FC1060,40.0259,-120.9641
518FCA059,40.00191,-121.2682
518FRE265,40.01132,-121.20888
518FRE277,40.00803,-121.19
518FRM117,39.86453,-120.76138
518GHCCRB,39.96795,-120.91545
518GRCH36,40.32943,-120.93121
518GZC001,39.89124,-121.29436
518GZC002,39.88745,-121.29967
518GZC003,39.88472222,-121.3027778
518GZC004,39.88039,-121.30401
518GZCUPx,39.88909,-121.27873
518HGY101,40.1153,-120.64505
518INCATB,40.08461,-120.91632
518JSC273,39.76838,-120.68476
518LCC105,39.86331,-120.16348
518LCC233,40.05695,-120.5726
518LST001,39.57472,-121.13972
518LST002,39.57417,-121.14611
518LST003,39.57389,-121.14944
518LST004,39.57306,-121.15306
518LST005,39.5728,-121.15919
518PS0125,39.80922,-120.65636
518RCC169,39.98886,-120.56938
518SDCAHR,40.21188,-121.2724
518SED013,40.19443,-121.28451
518SED015,40.35374,-121.41227
518SED030,40.36374,-121.30667
518SED079,39.69851,-121.20457
518SED080,39.64412,-121.14456
518SED081,40.32936,-120.93149
518SED082,39.74051,-120.70642
518SED085,39.85483,-120.86241
518SED089,39.85234,-120.72634
518SED090,39.94905,-121.01878
518SED091,39.71162,-120.53464
518SED093,40.15516,-120.95736
518SED104,39.92843,-121.04507
518SNCABC,39.6213,-120.193
518WLCBCP,40.05261,-120.3713
518WLCBWL,40.38537,-121.34084
518WLW073,39.85126,-121.18021
519ACDPPx,38.64194,-121.38167
519ADCAFB,38.63789,-121.1992
519ARHBxx,38.56806,-121.42222
519ARVAMR,38.86824,-121.35771
519CE0211,38.63569,-121.40368
519CR0904,38.80836,-121.63521
519CR0912,38.57234,-121.35775
519DRCAER,38.7592,-121.25557
519DRCAWA,38.73481,-121.3918
519DRCGRP,38.72992,-121.39809
519MRCMCR,38.54138,-121.27638
519MRCMDV,38.48083,-121.45833
519MRCSPK,38.51525,-121.41405
519MSCAFR,38.4964,-121.45159
519PGCASB,38.80226,-121.32945
519PS0340,38.75471,-121.23614
519PS0402,38.7987,-121.3479
519PS0449,38.68543,-121.44155
519PS0514,38.7338,-121.2761
519PS0534,38.6038,-121.4126
519PS0561,38.4595,-121.4307
519PS0578,38.775,-121.2538
519PS0646,38.51449,-121.4101
520BKSMDR,39.40153,-122.22685
520CLCANR,39.58173,-121.69884
520CR1010,39.50076,-121.99763
520DCH191,39.61971,-121.63648
520FC1087,39.61321,-121.77937
520FC1108,39.40277,-122.17025
520GRCOSR,39.59336,-121.63958
520HCTH99,39.6898,-121.77201
520PS0054,39.51199,-121.88865
520PS0199,39.71005,-121.73127
520PS0455,39.70275,-121.77437
520SLCH20,39.15079,-122.18117
520SPCH20,39.14727,-122.17948
521BCCHCx,40.10053,-121.49656
521LCCBSR,39.8853,-121.65055
521PS0663,39.75879,-121.67642
522MFSCMC,39.38014,-122.65053
522MFSCRB,39.37763,-122.65283
522PS0430,39.377,-122.6454
522PS0643,39.37284,-122.61013
523PS0414,40.0267,-122.6491
524CLCR2x,40.58609,-122.55064
524PS0202,40.6905,-122.6402
524PS0394,40.5856,-122.5513
525SPIHZL,41.05378,-122.34249
526ESCAMC,41.1753,-120.2058
526PNCAMF,41.36145,-120.28211
526PRS117,41.15743,-120.26225
526PS1144,41.0826,-120.3494
526PS1496,41.44725,-120.5109
526PS1532,40.87166,-121.90069
526PSCBLK,41.161,-120.2894
526RSH118,41.30003,-120.86127
526SED012,40.87034,-121.68517
526SED017,40.86044,-121.83826
526SED088,41.23311,-120.3422
526SED100,40.63042,-121.46529
526TRCBWC,41.43002,-121.008
526TRN109,41.44817,-121.03706
526WTCACT,41.44264,-121.01538
527PS1156,41.9468,-120.2888
527SED084,41.83232,-120.30053
531BRCJRD,38.15492,-121.13361
531LGCCSR,38.38283,-121.17236
531LJCSRx,37.9201,-121.0269
531MMSEBR,38.04936,-121.01344
531PS0169,38.02988,-121.21822
531PS0573,37.93,-121.2347
531Site14,38.48611,-121.09694
532CRNFCC,38.65056,-120.40556
532FRS030,38.4158,-120.2498
532MKN078,38.60347,-120.43195
532PTCAER,38.51109,-120.33743
532SED004,38.65122,-120.41054
532SED097,38.56682,-120.44046
532SFC142,38.61333,-120.56131
532TGR001,38.4765,-120.45322
532TGR002,38.47303,-120.45674
532TGR003,38.46885,-120.45994
532TGR004,38.46477,-120.46449
532TGR005,38.46172,-120.46835
533FC1043,38.18245,-120.70104
533SPILSA,38.2758,-120.3361
533SPIUSA,38.3056,-120.2834
534ANCACF,38.40735,-119.79936
534ARC279,38.40244,-119.8
534CFSAIM,38.41626,-119.74242
534PS0114,38.3883,-120.0616
534SED001,38.40735,-119.79936
534SED107,38.40272,-119.795
534SRCFFC,38.366,-119.8692
535CR0910,37.591,-121.1292
535PS0191,37.23375,-120.51952
535PS0431,37.21236,-120.31703
535PS0477,37.8188,-121.0644
536CHR001,37.973,-119.908
536CHR002,37.96822,-119.91395
536CHR003,37.96524,-119.91843
536CHR004,37.96022,-119.91979
536CHR005,37.95382,-119.92208
536CLV001,37.99007,-120.05468
536CLV002,37.98699,-120.05305
536CLV003,37.98209,-120.0536
536CRC283,37.8949,-119.9536
536HLCBFM,38.04566,-120.09966
536NFT019,38.1519,-120.0454
536SPILJW,37.95265,-119.99081
536SPIUJW,37.98193,-119.97487
536TMR003,37.9944,-120.1926
537BSCAWR,37.6212,-119.677
537GZCAMR,37.52509,-119.46551
537MDR255,37.66186,-119.91976
537PS0386,37.6605,-119.9948
537TYCAML,37.7599,-119.529
538CE0622,37.4636,-119.9499
539NDCACC,37.42494,-119.59566
539PS0127,37.42787,-119.6613
539PS0146,37.19314,-119.81719
539SED010,37.41099,-119.59513
539SED102,37.40048,-119.62538
540BCA168,37.23381,-119.13583
540MNCANF,37.41303,-118.90795
540MNCASJ,37.63977,-119.08796
540MNCLTE,37.3678,-118.98866
540MNO024,37.41471,-118.91689
540MSJ132,37.59602,-119.09216
540SED005,37.24155,-119.24345
540SED008,37.63977,-119.08796
540SED009,37.46036,-119.41629
540SED105,37.1944,-119.20839
540SED106,37.64224,-119.08261
540SED114,37.40073,-119.56684
540SJR001,37.27484,-118.96619
540SJR002,37.27897,-118.96378
540SJR003,37.28237,-118.96191
540SJR005,37.29298,-118.95653
540SJRR01,37.62111,-119.07333
540SJRR02,37.62111,-119.07333
540SJRR03,37.62111,-119.07333
540SJRR04,37.62111,-119.07333
540SJRR05,37.62111,-119.07333
540SJRR06,37.62111,-119.07333
540SSJ200,37.32603,-119.01636
541OC0010,37.31889,-121.12167
541OSCHW5,37.32936,-121.10955
541PS0055,37.29825,-120.94811
544CR1003,37.90976,-121.3253
544MRCMCR,37.89602,-121.7165
544PS0725,37.94875,-121.69868
552DRCAEF,37.0069,-119.06364
552KRSFBC,36.7893,-118.551
552MFC120,36.78283,-119.02417
552SED011,36.7235,-118.81421
552SED020,36.75323,-118.81672
552SED029,36.75806,-118.89532
553KRMFHC,36.61139,-118.69985
553TCCAKR,36.54484,-118.89593
554KRS031,36.0246,-118.137
554LCCADR,35.48056,-118.68085
554NMCCVD,36.20133,-118.27232
554NMCCVM,36.19894,-118.26694
554SED014,36.00812,-118.50618
554SED016,36.13472,-118.47287
554SED019,36.05535,-118.13149
554SED025,35.99743,-118.53571
554SED026,36.06751,-118.49114
554SED028,35.96888,-118.52125
601PRK002,37.84391,-119.14705
602FC1102,37.89015,-118.71545
603BCNFLR,37.37556,-118.41861
603BCNFUR,37.37056,-118.42917
603BCSFLR,37.36853,-118.41306
603BCSFUR,37.36444,-118.42944
603BMISW2,37.37556,-118.41861
603BMISW3,37.37056,-118.42917
603BMISW4,37.36444,-118.42944
603BPCBLP,37.15832,-118.29645
603GSCADC,37.73969,-119.04995
603HCH6xx,37.74995,-118.93692
603OHCAOR,37.74485,-118.75598
603PS0024,37.53897,-118.64414
603PS0079,37.70393,-118.77648
603PS0108,37.1637,-118.2902
603PS0132,37.48021,-118.55838
603PS0136,37.42488,-118.57923
603PS0137,37.74791,-118.97101
603PSx109,37.5927,-118.7826
603RCS1xx,37.28639,-118.40167
603SED054,37.75389,-118.96542
603SPCBWC,36.71668,-118.26333
603UOW004,37.7347,-118.80411
603UOW012,37.75553,-118.88581
628MRW138,34.28471,-117.37374
628PS1179,34.339,-117.1669
628PS1307,34.34422,-117.22679
628PS1483,34.51287,-117.26045
630BUC002,38.27372,-119.25913
630SED034,38.13435,-119.23508
630SED043,38.28045,-119.29521
631FC1099,38.36417,-119.44478
631MCK001,38.31338,-119.60883
631PS0081,38.3279,-119.5508
631PS0087,38.5236,-119.3363
631SED038,38.32841,-119.44978
631SED052,38.31359,-119.54865
632HNCAHL,38.65559,-119.64421
632PS0110,38.7505,-119.6446
632SED032,38.56647,-119.62707
632SED035,38.69919,-119.84636
632SED094,38.6054,-119.7676
632SED095,38.56785,-119.62523
633PS0142,38.80733,-119.7778
633SED051,38.73893,-119.93332
633SED109,38.77915,-119.91802
634GACALL,38.87318,-120.09556
634MKCBLG,39.01936,-120.15304
634PS0126,38.8766,-119.984
634PS0131,38.82055,-120.01924
634SED031,39.10844,-120.18941
634SED033,39.04386,-120.14784
634SED050,39.13884,-120.1883
634SED096,38.89632,-119.96678
634TRT002,38.93009,-119.9764
634TRU231,38.81027,-120.01746
634UTRADC,38.72996,-120.01776
634WRD029,39.14052,-120.19702
635BRCATR,39.19009,-120.19875
635EMTCAM,39.30901,-120.11438
635MTC267,39.29967,-120.1336
635MTR002,39.38455,-120.02211
635MTR003,39.37537,-120.02885
635MTR006,39.33286,-120.16151
635PLCATR,39.23633,-120.23016
635PS0118,39.34775,-120.12232
635PS0146,39.32333,-120.2281
635PSCATR,39.3702,-120.12178
635SED039,39.39607,-120.18781
635SQM002,39.20431,-120.21615
636IDCBIR,39.48462,-120.28278
636LTRABR,39.43017,-120.08369
636PS0086,39.4673,-120.1031
636SED036,39.48765,-120.3679
636SED040,39.43223,-120.20237
636SHCH89,39.43691,-120.23037
636SHCWES,39.43105,-120.24151
637PS0130,40.41805,-120.8534
637SED041,40.40565,-120.82136
637SED042,40.42033,-120.67456
637SED053,40.36768,-120.803
637SSN077,40.41832,-120.90485
719BMCPRE,34.03657,-116.56747
719TPPSQH,33.83069,-116.31117
719WWRA66,33.56946,-116.10773
719WWRAEF,34.06322,-116.82028
801BNC530,34.17834,-116.90881
801BRC184,34.16546,-117.01553
801CBN012,33.91909,-117.82201
801CCCCTT,34.1839,-117.62719
801CJW027,34.3061,-117.4697
801CJW041,34.29543,-117.45882
801CJW079,34.22123,-117.40798
801CYC114,34.13646,-117.1897
801CYC121,34.12372,-117.19213
801CYC398,34.13646,-117.18965
801DRC025,34.1739,-116.9839
801EBC080,34.1584,-116.88742
801EBC126,34.17413,-116.89426
801EBC686,34.16918,-116.89195
801EEWADD,34.1873,-117.5205
801ETC226,34.19146,-117.27421
801FC1089,33.93082,-117.59398
801FGC022,34.16055,-116.86775
801FRC093,34.16891,-116.88367
801HBC050,34.15651,-116.79441
801ICE713,34.24908,-117.63127
801LCMFAS,34.2495,-117.51898
801LYC028,34.2026,-117.44583
801LYC062,34.21257,-117.45844
801LYC271,34.22931,-117.47362
801LYC346,34.23613,-117.49604
801LYC600,34.23092,-117.48291
801M12611,33.80456,-117.86822
801M12617,33.65489,-117.77451
801M12625,33.69499,-117.93471
801M12641,33.69422,-117.88292
801M12644,33.89118,-117.76561
801M12649,33.6885,-117.81997
801M15366,34.1728,-117.26687
801M15376,34.082,-117.54148
801M15377,34.21799,-117.46218
801M15378,34.24433,-117.50774
801M15414,34.18646,-117.18547
801M15424,33.99181,-117.59958
801M16861,33.89732,-117.36136
801M16873,33.90145,-117.4664
801M16908,33.91828,-117.63602
801M16916,33.96417,-117.49156
801M16932,33.94279,-117.32362
801M16949,33.8732,-117.44195
801MFC100,34.22644,-116.93895
801MHC219,34.11105,-116.99195
801MIC007,34.0952,-116.96447
801MIC032,34.07629,-117.06626
801MIC034,34.08909,-116.92669
801MIC035,34.08193,-116.89027
801MIC042,33.94623,-117.61423
801MIC074,34.08167,-116.8887
801MIC272,34.08788,-116.91434
801MIC370,34.10015,-117.02392999999999
801MLC057,34.25033,-117.54376
801NLC105,34.25265,-117.4925
801PCW048,33.71756,-117.78945
801PCW171,33.72398,-117.78003
801PFB019,33.92417,-117.59778
801PLC362,34.23874,-117.49781
801PLC469,34.1116,-117.14689
801RB8026,33.58139,-117.83457
801RB8131,34.18559,-116.97463
801RB8167,34.16334,-117.18078
801RB8179,33.76965,-117.46747
801RB8191,33.96538,-117.47872
801RB8197,33.98347,-117.70095
801RB8201,34.07637,-117.5407
801RB8207,33.974684,-117.092737
801RB8229,33.83284,-117.50814
801RB8236,33.74514,-117.42842
801RB8240,34.16755,-117.08667
801RB8254,34.1747,-116.9835
801RB8262,33.89362,-117.57578
801RB8274,34.17319,-117.18292
801RB8277,34.19005,-117.25451
801RB8289,34.2861,-117.45338
801RB8293,33.78703,-117.48843
801RB8294,33.96715,-117.48984
801RB8299,33.6895,-117.88258
801RB8304,34.18452,-117.14981
801RB8309,34.27052,-117.45252
801RB8312,33.95718,-117.53012
801RB8317,34.23683,-117.37229
801RB8327,34.23325,-117.42639
801RB8333,34.0767,-116.86494
801RB8339,33.76507,-117.46598
801RB8344,34.16708,-116.8125
801RB8356,33.9313,-117.58815
801RB8361,33.96825,-117.44789
801RB8376,34.17032,-116.82663
801RB8380,34.16588,-116.88019
801RB8387,34.00455,-117.16494
801RB8395,33.96861,-117.60105
801RB8396,34.23603,-117.43232
801RB8400,33.83012,-117.50925
801RB8403,33.9629,-117.67799
801RB8404,34.06094,-117.54088
801RB8407,34.16073,-116.79797
801RB8415,34.07545,-117.06465
801RB8436,34.17644,-117.01052
801RB8439,33.86874,-117.53366
801RB8445,34.16543,-116.93403
801RB8448,34.18209,-116.94653
801RB8450,33.97088,-117.51076
801RB8467,33.7827,-117.47785
801RB8474,34.2477,-117.62388
801RB8478,34.17358,-116.9455
801RB8483,34.25114,-117.45662
801RB8494,33.96292,-117.47379
801RB8501,34.09189,-116.94243
801RB8511,33.73535,-117.65601
801RB8512,34.17309,-117.01221
801RB8521,33.98169,-117.69632
801RB8533,34.08739,-117.04279
801RB8549,33.65914,-117.88128
801RB8558,33.87139,-117.53842
801RB8559,34.03535,-117.21351
801RB8566,33.99869,-117.59857
801RB8567,33.971554,-117.082221
801RB8572,34.06755,-117.29098
801RB8575,34.09862,-116.99337
801RB8590,34.17256,-116.83406
801RB8593,33.69836,-117.87577
801RB8594,33.94612,-117.5538
801RB8598,34.119657,-117.54008
801RB8601,34.02631,-117.58648
801RB8607,34.18269,-116.8662
801RB8613,33.98491,-117.12769
801RB8618,34.16124,-116.80664
801RB8622,33.80956,-117.35659
801RB8629,33.9584,-117.06491
801RB8751,34.19146,-117.27421
801S00135,34.07819,-116.87858
801S00375,34.10902,-117.15272
801S00791,34.2792,-117.44664
801S00903,34.17832,-116.8473
801S01367,34.21451,-117.32889
801S01383,34.06636,-117.54181
801S01523,34.09536,-116.98226
801S01559,34.20984,-117.45726
801S01655,34.0805,-117.06359
801S01671,34.16963,-116.82558
801S01783,34.19018,-117.27275
801S01805,33.98668,-117.14229
801S02059,34.06182,-117.30727
801S02123,34.10814,-117.20168
801S02167,34.1045,-117.15956
801S02464,34.24635,-117.64321
801S02567,34.18472,-116.89688
801S02573,34.01345,-117.17765
801S02749,33.93015,-117.37436
801S03111,34.24536,-117.61053
801S03133,34.00169,-117.5996
801S03533,34.02314,-117.19139
801S03687,34.08311,-117.58255
801S04078,33.99762,-117.72327
801S04471,34.11107,-117.14756
801S05127,34.18282,-117.00968
801S05383,34.16563,-117.01547
801S06231,34.23298,-117.43019
801S06679,34.26188,-117.46938
801S07485,33.94733,-117.61405
801S08183,34.07334,-117.30433
801S08727,34.2171,-117.46178
801S09591,34.10396,-117.16675
801S10259,33.64888,-117.69845
801S16169,33.74655,-117.59351
801S19286,33.71866,-117.78828
801S19399,33.65551,-117.76224
801S19486,33.67625,-117.82699
801SAN068,34.2575,-117.64123
801SANT1x,33.70885,-117.61456
801SAR011,33.850751,-117.7835252
801SAR087,34.16287,-116.80945
801SAR110,33.96468,-117.46518
801SAR124,34.12656,-117.07716
801SAR151,33.98873,-117.39614
801SAR165,33.96358,-117.47533
801SAR168,34.17865,-116.84726
801SAR334,34.18321,-116.8773
801SAR351,33.97295,-117.51806
801SAR528,33.87273,-117.71305
801SBCATC,34.2025,-117.22897
801SCASxx,33.74697,-117.61214
801SCLCRx,33.74792,-117.64125
801SDC178,33.6824,-117.81066
801SDC180,33.67623,-117.78944
801SDC418,33.68077,-117.8069
801SDC504,33.65657,-117.76426
801SGB017,33.8702,-117.79327
801SNP001,34.2442,-117.50727
801SNP002,34.2559,-117.64111
801STC071,33.75347,-117.67887
801STC142,33.77361,-117.68839
801STC149,33.76593,-117.67927
801STC532,33.77896,-117.83864
801STW051,33.99512,-117.15212
801STW055,34.0396,-117.21973
801STW085,34.0499,-117.23238
801STW208,34.0023,-117.16428
801TMW153,33.81584,-117.49803
801TMW162,33.73786,-117.4173
801WBC106,34.15508,-116.88528
801WCC247,34.18771,-117.18359
801WCC446,34.18543,-117.18567
801WE1032,33.96165,-117.50039
801XXX046,33.79096,-117.71949
801XXX112,34.26148,-117.46974
801XXX118,34.27906,-117.47566
801XXX259,34.07638,-117.09505
801XXX305,33.70892,-117.80066
802HYC267,33.67606,-116.67871
802HYC496,33.68738,-116.68416
802INC155,33.80703,-116.77699
802INC172,33.78651,-116.8323
802INC635,33.80349,-116.78271
802NJR147,33.79427,-116.74714
802NJR160,33.73134,-116.8102
802NJR163,33.79478,-116.74829
802NJR543,33.80281,-116.73208
802PVD243,33.82798,-117.20878
802RB8107,33.64599,-116.8134
802RB8196,33.77782,-116.72637
802RB8218,33.80842,-116.74103
802RB8297,33.80968,-116.81235
802RB8322,33.70945,-116.77714
802RB8405,33.77408,-116.74243
802RB8513,33.72033,-116.76079
802RB8605,33.73825,-116.72533
802RB8688,33.7519,-116.705
802S03234,33.66152,-116.62741
802S09698,33.7459,-116.70739
802S10146,33.70541,-116.73356
802S11394,33.71296,-116.7678
802S25288,33.71951,-116.76214
802S25949,33.79441,-116.7482
802S26909,33.66638,-117.27518
802S27709,33.6627,-117.29
802S33361,33.73906,-116.72515
802S33561,33.74356,-116.7103
802S37697,33.87962,-117.21403
802S45233,33.76997,-116.77878
802SJC453,33.73882,-116.82834
802SJR116,33.66396,-117.2787
802SJR587,33.72206,-116.80423
802SNC070,33.77122,-116.7675
802SWC020,33.76698,-116.6902
802SWC206,33.73283,-116.74047
802SWC270,33.72944,-116.74809
802SWC375,33.75657,-116.70164
802SWC419,33.74266,-116.71364
802SWC535,33.73919,-116.72374
845CTC480,33.80415,-118.08258
845M10601,33.90791,-117.88829
845RB8175,33.85954,-117.88023
845RB8275,33.85756,-117.88785
845RB8441,33.85423,-117.90065
845RB8633,33.87181,-118.01959
901ACCCRx,33.51422,-117.74303
901ACPPDx,33.57517,-117.71497
901ATCAAS,33.68264,-117.50159
901ATCTCx,33.67478,-117.54708
901BCCBCT,33.56903,-117.56508
901BCCSRT,33.56422,-117.56369
901DCCDCx,33.47108,-117.46461
901M14118,33.6098,-117.62739
901M14124,33.43535,-117.62556
901M14126,33.54743,-117.7223
901M14134,33.59231,-117.63283
901NP9BWR,33.53063,-117.42908
901NP9CSC,33.5919,-117.5216
901NP9HJC,33.68461,-117.51474
901NP9LCC,33.62752,-117.42857
901NP9MRC,33.62609,-117.38953
901S00313,33.60642,-117.44623
901S00469,33.52999,-117.40855
901S00531,33.55975,-117.772
901S00997,33.44002,-117.61937
901S01705,33.60369,-117.51
901S01811,33.56418,-117.71792
901S02702,33.51636,-117.74062
901S06030,33.50267,-117.64794
901S06969,33.55334,-117.39579
901S11685,33.5099,-117.6348
901S12942,33.4779,-117.6785
901SJMS1x,33.58122,-117.52458
901SJOF1x,33.61633,-117.42717
901SJSMT2,33.5497,-117.39619
901SJSMT3,33.47056,-117.47067
901SMCSMR,33.42339,-117.53136
901TCSMP1,33.63582,-117.61739
902M18864,33.49207,-117.24653
902M18865,33.46728,-117.23022
902M18893,33.45304,-117.17403
902M18901,33.49624,-117.20413
902M20161,33.4187,-117.14103
902M20173,33.40528,-117.18096
902MCGSxx,33.47689,-117.14042
902NP9CWC,33.41925,-116.86102
902S00565,33.41031,-117.23903
902S01097,33.48724,-117.25537
902SCDLRx,33.49219,-117.24642
902SCSCRx,33.42425,-117.24811
902SMADO2,33.5131,-117.26808
902SMAS1x,33.45695,-116.97047
902SMROB8,33.38713,-117.32372
902SMRWGR,33.42931,-117.19637
902SMSTN1,33.43063,-117.18909
902SSMR05,33.41434,-117.24151
902TCI15x,33.47469,-117.138
903CVPCT,33.26801,-116.6394
903FCPSPx,33.3517,-116.91389
903GIR2xx,33.33521,-117.18882
903M20124,33.29947,-117.08415
903M20153,33.31876,-117.10161
903M20165,33.2747,-117.18089
903M20166,33.24022,-117.23564
903M20177,33.39672,-117.11527
903M20208,33.32691,-117.12282
903M20213,33.30566,-117.13364
903NP9LWF,33.30962,-116.77768
903NP9PRC,33.26041,-116.80917
903NP9SLR,33.34992,-116.6649
903NP9UAC,33.32036,-116.62265
903S06113,33.2645,-116.8131
903SLGRD2,33.33549,-117.18845
903SLIRS2,33.33326,-116.87275
903SLRRFR,33.22619,-117.34422000000001
903SLSLR6,33.28792,-117.22339
903SLWVR1,33.29391,-117.08732
904AHC003,33.14968,-117.2937
904AHC004,33.14909,-117.29754
904AHCSAx,33.15625,-117.22611
904CBBVR4,33.18147,-117.32893
904CBESC5,33.08559,-117.15037
904CBSAM5,33.08855,-117.24526
904ECHRBx,33.10878,-117.11144
904ENCGVR,33.07153,-117.26217
904M21713,33.11944,-117.09511
904M21720,33.15678,-117.28243
904M21729,33.09835,-117.13358
904M21764,33.2075,-117.28072
904S00537,33.05031,-117.22428
905BCN1xx,33.10528,-116.89306
905BMCCGx,33.12706,-116.80361
905DGSY1x,33.12783,-116.67785
905M21721,33.00843,-117.16525
905M21725,33.01795,-117.17811
905M21737,33.00405,-117.15264
905M21756,33.05619,-117.04124
905S01953,33.08958,-116.9032
905S15201,33.11778,-116.85444
905SDYSA7,33.08603,-116.91668
906LPLPC4,32.93701,-117.13818
906LPTEC3,32.77633,-117.18608
906M21738,32.92288,-117.18625
906M21758,32.94264,-117.10754
906M21770,32.90376,-117.22665
906M23302,32.81736,-117.19986
906M23318,32.8249,-117.23035
907CCCR02,33.00222,-116.70889
907M23325,32.80233,-116.97166
907M23327,32.8378,-116.78974
907M23330,33.00358,-116.70228
907M23331,32.84058,-116.90771
907M23342,32.99095,-116.59072
907M23343,32.83203,-116.77732
907M23346,33.00467,-116.68435
907M23348,32.7862,-117.11484
907M23362,32.9918,-116.71432
907NP9OSD,32.84705,-117.05037
907S00577,33.0767,-116.67455
907S01418,32.99254,-116.71771
907S01434,32.90475,-116.62501
907S03786,32.89421,-116.65844
907SDALV3,32.78309,-117.07478
907SDB016,33.00595218,-116.7010731
907SDB047,33.00755,-116.66464
907SDBOC2,32.96353,-116.66406
907SDR1xx,32.76497,-117.19136
907SDRMTx,32.81858,-117.06531
907SDRS2x,32.77222,-117.14194
907SDSDR8,32.8405,-117.03908
907SDSDR9,32.83894,-117.04535
907SRSD1x,33.10878,-116.65758
908CCTNFA,32.7273,-117.06977
909CCCSPx,32.94003,-116.56444
909JPCH79,32.91849,-116.57176
909M24923,32.63919,-116.9887
909M24925,32.83848,-116.63814
909M24937,32.81935,-116.70775
909NP9DCC,32.89021,-116.57465
909NP9UNT,32.88172,-116.58538
909S00282,32.87185,-116.61372
909SSWR01,32.90942,-116.57633
909SSWR1a,32.90942,-116.57633
909SWCASR,32.94249,-116.55409
909SWR94x,32.73331,-116.93861
910M24924,32.5915,-117.07624
910OTJMC4,32.63747,-116.88405
910OTJMC5,32.63361,-116.88603
911CCH80x,32.78803,-116.49761
911KCKCRx,32.78745,-116.451
911M24913,32.59027,-116.51532
911M24916,32.54938,-116.99128
911M24926,32.59782,-116.65687
911M24934,32.76761,-116.65057
911M24945,32.74334,-116.46741
911M24949,32.80946,-116.43979
911MCCBML,32.67583,-116.58306
911NCPCRx,32.86408,-116.51847
911NP9EPC,32.74481,-116.6488
911NP9HTC,32.75409,-116.66267
911NP9SCC,32.76151,-116.63649
911PCH80x,32.83719,-116.53636
911S00538,32.78123,-116.63207
911S01818,32.86215,-116.52037
911S02058,32.76142,-116.64257
911S03354,32.79112,-116.61677
911S04086,32.67454,-116.57777
911TCCTCx,32.80778,-116.44
911TJLAP4,32.69992,-116.47914
911TJNPC2,32.8653,-116.51815
911TJPC2x,32.85311,-116.52273
911TJPVC1,32.83572,-116.54322
LALT502,33.84655,-118.20894
LC-133,33.57853,-117.76178
REF-BC,33.63611,-117.55581
SD-AP,33.44761,-117.6121
SMC00027,34.66254,-119.05249
SMC00036,34.21502,-118.87899
SMC00096,34.09451,-117.78462
SMC00144,34.26705,-117.78759
SMC00190,34.01488,-118.04783
SMC00208,34.24464,-117.90908
SMC00236,34.08951,-117.94783
SMC00254,33.83758,-118.05377
SMC00345,33.21048,-117.22484
SMC00428,34.2481,-118.04976
SMC00574,33.87972,-118.10851
SMC00660,34.26784,-118.93781
SMC00665,33.274,-117.23159
SMC00766,33.65718,-117.83739
SMC00836,34.19071,-119.00511
SMC00857,33.24609,-117.30088
SMC01164,34.35078,-118.57968
SMC01174,33.01677,-117.01646
SMC01987,33.59028,-117.71185
SMC02075,34.6719,-119.03758
SMC02145,33.26934,-117.03146
SMC02417,33.13385,-117.06236
SMC02488,34.24585,-118.54343
SMC02568,34.27866,-118.22031
SMC02680,34.19531,-118.59356
SMC02796,34.08397,-118.08632
SMC02804,34.14534,-118.40866
SMC02902,32.94907,-117.06443
SMC02947,33.69919,-117.81143
SMC02976,34.2579,-117.75661
SMC02988,34.16168,-117.99022
SMC02996,34.22108,-118.42296
SMC03110,32.81105,-117.07335
SMC03390,33.82267,-118.09186
SMC03510,32.56363,-116.78734
SMC03523,33.58478,-117.66437
SMC03646,33.9784,-118.1691
SMC03737,33.11968,-117.09259
SMC04134,32.82874,-117.05243
SMC04426,33.00696,-116.66995
SMC04661,33.40606,-117.22499
SMC04670,33.86506,-118.10456
SMC04682,32.97115,-116.64814
SMC04750,34.041,-118.58149
SMC04795,34.47989,-119.17067
SMC04956,34.42708,-118.57409
SMC05146,32.84526,-116.61346
SMC05332,34.18682,-118.90741
SMC05402,32.80468,-116.57311
SMC05423,34.28649,-119.30791
SMC05694,33.87163,-118.19135
SMC05902,34.03432,-118.51218
SMC05968,34.23489,-117.80554
SMC06188,34.28315,-118.19731
SMC06252,34.19437,-118.01792
SMC06298,32.91213,-116.57126
SMC07128,34.34428,-118.36042
SMC08540,34.44828,-118.61769
SMC09091,33.71335,-117.79574
SMC09118,33.80876,-117.86259
SMC09162,32.84087,-116.70988
SMC09325,33.56252,-117.12886
SMC11384,34.09552,-118.66521
SMC11430,32.84837,-116.86004
SMC12814,34.04892,-118.84641
SMC13214,33.80453,-117.87242
SMC13630,33.86119,-118.10351
SMC16169,33.74655,-117.59351
SMC16266,32.81855,-116.75313
SMC16446,34.41319,-119.27282
SMC19809,34.50141,-119.3531
SMC40887,33.76317,-117.46378
SMCR8_218,33.80978,-116.7403
SMCR8_327,34.23294,-117.42894
SMCR8_688,33.75289,-116.70609
