0.001,5,3,100,0.12530736904572276,0.4262603328231102,0.10242254036815905,0.025617443984388418,0.22775490998306763,0.017278042691516993
0.001,5,5,100,0.12553842786828293,0.38681665989907577,0.10255776833873612,0.025533210208361905,0.16972358305943278,0.017141756022775227
0.001,5,10,100,0.12530923737372984,0.3769069841853176,0.10241673669874554,0.025291512498840218,0.23784724193951906,0.01701005582685773
0.003,5,3,100,0.1271961840064339,0.4320687129473678,0.10370509829823922,0.02667942026736363,0.2514281711318364,0.01801081315094806
0.003,5,5,100,0.12712333611144208,0.40874115006194883,0.10382180793699303,0.026565799034228087,0.21911153792704746,0.01796577054663455
0.003,5,10,100,0.12654816618211454,0.4580713985889703,0.10344231923282962,0.025907598547000622,0.2478646498086424,0.01747823472220403
0.005,5,3,100,0.12855967163867302,0.3984353718176251,0.10467914172787571,0.027494337827655292,0.23765927205477863,0.018576773296463633
0.005,5,5,100,0.12858327619327467,0.38678237516478625,0.10485046540757414,0.026965007323593318,0.19207374573447325,0.0183950617523782
0.005,5,10,100,0.1273206678174783,0.44677934089480537,0.1040438308126237,0.026285012866796156,0.21926610780116126,0.017642224945808797
0.001,5,3,200,0.1263246823345236,0.4098824205892647,0.10315994230814692,0.02589752163135304,0.2371550621193408,0.01751278450891502
0.001,5,5,200,0.1263518006188164,0.4141932763649768,0.10318616599924375,0.025979777643129056,0.20553392847868518,0.01748949544340339
0.001,5,10,200,0.12588601281990447,0.4072330730535688,0.10285983020839332,0.02550919283820908,0.20243547717616447,0.0171510178161589
0.003,5,3,200,0.12900604442975855,0.3997926531350135,0.10491895005820195,0.028317582155214925,0.22792377150858256,0.01901453944962059
0.003,5,5,200,0.12934205552863326,0.4263573510413983,0.10546144839608244,0.02795464836077272,0.20491096973581663,0.018929981274477786
0.003,5,10,200,0.12781719868129843,0.45291097591116297,0.10443905613357432,0.026474277365958403,0.22193943237267888,0.01792595519469717
0.005,5,3,200,0.13112445900724526,0.3975195013106659,0.10643776625583894,0.03119031928783921,0.241403646802533,0.02082186206225857
0.005,5,5,200,0.13035175204611715,0.3963614352903558,0.10614397577210048,0.029076201124942493,0.20459346625305072,0.01974946853079412
0.005,5,10,200,0.12947455870848196,0.43691615370768366,0.10546650339441488,0.027147559865305662,0.21566729211576155,0.01827464945395875
0.001,5,3,300,0.12704067228711474,0.4155288024211582,0.10366544175708503,0.02657388347087259,0.23945275518600476,0.017941394138524417
0.001,5,5,300,0.12721975957126763,0.41226867400132833,0.10382142923715099,0.026370179252032777,0.20729565440981035,0.017803854484679426
0.001,5,10,300,0.12641217252542974,0.40632266112674165,0.1032712467983155,0.025626992802783962,0.20376893705081975,0.01720631213276504
0.003,5,3,300,0.13027717632777808,0.38447345145988787,0.10578950160201535,0.030377657816393726,0.22996049046906136,0.02027792029707666
0.003,5,5,300,0.13074373952617,0.4161157789076556,0.10630950822645832,0.02913909094783257,0.2060334173302659,0.019797336920077412
0.003,5,10,300,0.1289023830665465,0.4569252151611787,0.10511090097389282,0.026893507948966406,0.21811876716195913,0.01816786799822156
0.005,5,3,300,0.13313029978071542,0.38488634558418877,0.1073967167463999,0.033087695337347595,0.23779375675354228,0.02226011402750128
0.005,5,5,300,0.13176820340258372,0.4150575601107775,0.10700937628337766,0.031182816414738853,0.21075891842307992,0.021114283580912475
0.005,5,10,300,0.13077969346689683,0.4083014565759773,0.10626730404445425,0.0275021143935061,0.19282380577866584,0.018335758768312366
0.001,5,3,400,0.1276055374921939,0.39981665999327926,0.10407826859509132,0.027011641096154056,0.23359381582286884,0.018231100476277566
0.001,5,5,400,0.12788714889290906,0.4132594137814749,0.10434858504149946,0.026870061577490494,0.22058621077868842,0.018161467018104376
0.001,5,10,400,0.12683610909964316,0.4190791967182098,0.10356766401325979,0.025849675664280536,0.19167534381552195,0.01735422866856084
0.003,5,3,400,0.1317976687677421,0.39036843423309303,0.10666978243395894,0.03177702953428349,0.23349405421376757,0.021130801970831007
0.003,5,5,400,0.1319188758634639,0.42326182946561,0.10713050087458634,0.0302383401200572,0.21708209600040798,0.020499319780508847
0.003,5,10,400,0.12984416658348022,0.4543094425337835,0.10563082389307539,0.027525497730101475,0.20524649844460682,0.01851488390701898
0.005,5,3,400,0.1342762851597648,0.40004564708725693,0.10816957480034113,0.035021834724563154,0.24037512700865585,0.023283655289133693
0.005,5,5,400,0.13330541656023465,0.4108723768024613,0.10775626068694188,0.03233351837187435,0.22505416490392516,0.021637299510905372
0.005,5,10,400,0.13196462263496153,0.39934878393999734,0.10708729291517838,0.028181492276540095,0.18501403738518976,0.019059229213650834
0.001,5,3,500,0.1283490115380502,0.4112031623985878,0.10463746320386969,0.02765955144665582,0.24200300018011936,0.018680088362805814
0.001,5,5,500,0.12854484183520073,0.4165151243105435,0.1048506850108711,0.02731736512988652,0.22023045075211362,0.018373840002054838
0.001,5,10,500,0.12728019784997863,0.41977782507065065,0.10394835809550332,0.02605393606760825,0.1861765653476737,0.01750780996528506
0.003,5,3,500,0.13263493788415767,0.38546259585257886,0.10708387818959755,0.0332792441289934,0.23290552645755994,0.021918100668621557
0.003,5,5,500,0.13271205577200898,0.410011361850582,0.10761853534511027,0.030918724834523327,0.21663454167470042,0.02084058322309305
0.003,5,10,500,0.1307606853338691,0.44646688608633023,0.10624809442235902,0.02817790181628385,0.21117038822868883,0.018892039527172725
0.005,5,3,500,0.13519329494176785,0.39204007603844726,0.10846708593272407,0.0360418322947718,0.22776540561185551,0.023982034297491846
0.005,5,5,500,0.1344704478780721,0.4105092369186739,0.1083963379084909,0.0340340461825716,0.2223201864295914,0.022508421316866995
0.005,5,10,500,0.13275738277209106,0.3991088473089677,0.10739513054477942,0.02897801530146054,0.18876180438215087,0.019457740769244825
0.001,5,3,600,0.12904064297065004,0.40845096838707845,0.10508544450526189,0.028139629117144353,0.24126012285900594,0.01897805805635026
0.001,5,5,600,0.12925299797122955,0.41947714150945414,0.10537033136228122,0.027762580111902562,0.2182860162303534,0.018617427419465316
0.001,5,10,600,0.12775922419236035,0.4270834581550364,0.10423292021478484,0.026198867420719744,0.18021807729468836,0.017553688529215832
0.003,5,3,600,0.13372474833202094,0.39654568191095546,0.1075976702006072,0.034756707754737944,0.22700053209900753,0.02268508668142055
0.003,5,5,600,0.13328782230357278,0.40486963636514,0.10798160238188796,0.03202728448733763,0.21421254888434382,0.021411673020502002
0.003,5,10,600,0.13146709267942208,0.43690500365897134,0.10670267886247634,0.02856619355170408,0.20577829470089126,0.01910797428915544
0.005,5,3,600,0.13732832392587996,0.38932390892932905,0.10983521657571735,0.03672978596335556,0.2262947872222309,0.024728598374195283
0.005,5,5,600,0.13468182982870355,0.4233164580944102,0.1085776363371724,0.035671363120670506,0.23940189753058363,0.023673477921543614
0.005,5,10,600,0.1336276641071648,0.4107071110359821,0.10790237278388766,0.029909637747888445,0.20613363852364902,0.020002829743060568
0.001,5,3,700,0.1296387739609099,0.40524373512184086,0.10551447672990003,0.028558663103134384,0.2419826733672953,0.019252070081696437
0.001,5,5,700,0.12976742903179123,0.41572797263373945,0.10570559460992882,0.028276327807109463,0.2127115147908665,0.01892913837988276
0.001,5,10,700,0.1281273178931305,0.42896650354194304,0.10453771129202276,0.026403615341962276,0.18114766879627128,0.017707844570879202
0.003,5,3,700,0.13506788650930623,0.3944463359993017,0.10856349601432976,0.035589997395153596,0.2273658581492243,0.023248263346842463
0.003,5,5,700,0.1341176827752346,0.40763860680012953,0.10837224026751986,0.03315181540223403,0.2134325713260912,0.02206201690066873
0.003,5,10,700,0.13218019682698845,0.4265722400340389,0.10714996727446877,0.028969343318929395,0.20614943523285387,0.019258459719986205
0.005,5,3,700,0.13881356896824787,0.3994745963583296,0.11046002954479384,0.037377767249770745,0.23073599092924932,0.02589274561767498
0.005,5,5,700,0.13562520201045852,0.4092127386960954,0.10900180860766998,0.0365511555691038,0.23253618325196343,0.023995588223480958
0.005,5,10,700,0.1343504596557802,0.405851402809971,0.108448289391474,0.030744371897053945,0.20454102871509386,0.02070061088250591
0.001,5,3,800,0.1300944858757168,0.40248978090873716,0.10585592217122886,0.029132148875342857,0.24193367203474664,0.019646110757667243
0.001,5,5,800,0.1301926897380728,0.412651118627495,0.10604236698626857,0.028689444962194936,0.20917814815836885,0.019220534805692396
0.001,5,10,800,0.12852855039811423,0.428103533611467,0.10480155040248533,0.02658366575378299,0.1852984684906287,0.017820907875305117
0.003,5,3,800,0.13529048271837105,0.3887921476881119,0.10870681998873943,0.03619221814870399,0.22231257627008402,0.023804731350577472
0.003,5,5,800,0.13480727278620802,0.40179252315617886,0.10883270184331122,0.03403630502701865,0.21460396513075763,0.02240923608809485
0.003,5,10,800,0.13257376289384515,0.4258786699371365,0.10741768502274292,0.02968650790242939,0.21058868276402373,0.019684755829520464
0.005,5,3,800,0.1403130575995176,0.3829561056711287,0.1112839108256014,0.03737815746478008,0.2231313514093245,0.026125739446098147
0.005,5,5,800,0.13593703377412783,0.40777844199324004,0.10910050869957462,0.03710235285569596,0.2368326741327652,0.02458604844795326
0.005,5,10,800,0.1349693400374228,0.40798102431331157,0.10878675602228834,0.03164528920810229,0.20867978038823984,0.021287578236845343
0.001,5,3,900,0.1305231057551217,0.40308558452323,0.10615718375735894,0.029613978538321924,0.2445934039204383,0.01989741036644077
0.001,5,5,900,0.13056047871367601,0.4136412298128226,0.10628978289165691,0.029018480705959394,0.21482219501657648,0.019429424511921554
0.001,5,10,900,0.12895509291015494,0.43045850965538035,0.10503826034271987,0.02673958767651796,0.18694960431662405,0.017907175889936122
0.003,5,3,900,0.13626620286394214,0.388981992945269,0.10931206899072762,0.037143044636060045,0.2198021485181062,0.024536472857191353
0.003,5,5,900,0.135279145966027,0.40692650511526046,0.10915127749732671,0.03528629259381768,0.21829715019760929,0.02326938669416747
0.003,5,10,900,0.13304227705048574,0.4199897045173578,0.10772375453580081,0.030292430423765174,0.21289919934937762,0.020182161310538783
0.005,5,3,900,0.14096824290514295,0.3779497829276661,0.11138518659520993,0.03747964257918783,0.21753560488099458,0.02634732720506254
0.005,5,5,900,0.13605887600267266,0.40314369479011314,0.10878509122613862,0.0374816857389334,0.2290967301308373,0.025019040689611777
0.005,5,10,900,0.1357581108192138,0.406109339209339,0.10935637188471192,0.03205871207637015,0.20888728313473875,0.021227026748754492
0.001,5,3,1000,0.13088517618141526,0.401575173947416,0.10635722984349341,0.03014995066750592,0.24123358623158356,0.020163319217146838
0.001,5,5,1000,0.1309509108755203,0.4182648188752759,0.10651312868127047,0.029444014297474355,0.21463374744913014,0.019701160151555132
0.001,5,10,1000,0.12932177030338626,0.4305315099933485,0.10530165010227141,0.02689403668472182,0.186063023055872,0.017987925511639732
0.003,5,3,1000,0.1370259585549375,0.38464072360685064,0.10986527810647954,0.03785081645139162,0.22430210377375073,0.02530162810204463
0.003,5,5,1000,0.13570965805575388,0.4025327855495259,0.10921942946611282,0.03594220244176077,0.2166065476887354,0.0236926275174682
0.003,5,10,1000,0.1333758626831228,0.4247342526509509,0.10786704693972782,0.030898901747343697,0.21658520382845328,0.020531494611846102
0.005,5,3,1000,0.14206385038979957,0.37671501777852817,0.11158450098294201,0.03759859559986342,0.21952160798662446,0.026993327473003145
0.005,5,5,1000,0.13635518793660248,0.3938853118759513,0.10864405132451646,0.03761979571941738,0.22495947483645462,0.02545401739864916
0.005,5,10,1000,0.13603204733116384,0.4017136755230954,0.10923536103986534,0.03279452543771855,0.21740870978514268,0.021769158653914024
0.001,5,3,1100,0.13127057827305283,0.39939360460280665,0.1065716558171963,0.030666540459906456,0.24028275353418,0.02040334173959186
0.001,5,5,1100,0.13139828595398098,0.41523058839860516,0.10676979572021264,0.02987130931230214,0.21106143046026984,0.019929924032094197
0.001,5,10,1100,0.1297229660633092,0.43777490496068544,0.10553778207655365,0.027140763562695912,0.18727478774292586,0.018144859478633896
0.003,5,3,1100,0.137944990002919,0.38074229114247193,0.11035182555286346,0.037991153711325665,0.22091348598201843,0.02557792235662789
0.003,5,5,1100,0.13612194368939093,0.39639019869609526,0.1093345977579446,0.036542673304549925,0.2154924849423495,0.024140375719164737
0.003,5,10,1100,0.1338857228475604,0.42178128058041037,0.1082177472016291,0.031321433221759204,0.2171001235219615,0.02093761781280052
0.005,5,3,1100,0.1430377371087133,0.37299375340191665,0.11193704299535542,0.037606752236051075,0.21876491589990515,0.027044255847891482
0.005,5,5,1100,0.1373752573900342,0.40146761409096243,0.10918302134610022,0.038253436056926465,0.23328351671069783,0.02647549347067246
0.005,5,10,1100,0.13631751911219744,0.394527128891367,0.10927619698059829,0.03349543998220203,0.21644071396548475,0.022301378932307242
0.001,5,3,1200,0.13172256164169704,0.3941388727818306,0.10677092021239672,0.031087242697902164,0.2349062906235693,0.020685673108605605
0.001,5,5,1200,0.13176207477099725,0.4122614993785795,0.10703272906160463,0.03019461424623326,0.21176238249159685,0.020137156003365794
0.001,5,10,1200,0.13007690419913653,0.43848571411722015,0.10576405528663575,0.027374718378803408,0.18427700130624636,0.018235193294203336
0.003,5,3,1200,0.13851388300428258,0.37581635688597004,0.11048399142177281,0.03807156495091947,0.21967244939286046,0.02587322867782248
0.003,5,5,1200,0.13640622862996224,0.39963902008783125,0.10929600554238272,0.03675654217845064,0.2124753817817749,0.024361139060979756
0.003,5,10,1200,0.1341760635609155,0.4272294147294147,0.10830117210910188,0.03176827612407366,0.22036940523570564,0.02123323981971332
0.005,5,3,1200,0.14318908671098712,0.3718998159266085,0.11179433119023577,0.03734765829629891,0.21716266005327184,0.026986360869380117
0.005,5,5,1200,0.1379403313957149,0.3953618418978378,0.10930547747660864,0.03776956180501359,0.22706734571265622,0.026134777711732112
0.005,5,10,1200,0.1366848128698405,0.40019252207238276,0.10941742045885017,0.03402226598917203,0.2172863391092013,0.022645161309904894
0.001,5,3,1300,0.13228257408469063,0.39614022012458233,0.10706790634998212,0.03174738751224179,0.23875224142483437,0.021064923864763534
0.001,5,5,1300,0.13225644626465788,0.4151622786915919,0.10732005000239937,0.03061082084526404,0.21389845963387602,0.020433358669700707
0.001,5,10,1300,0.13033586104010492,0.4420072219858703,0.1058974482969387,0.027692332516580275,0.18739520198125212,0.01847002155585699
0.003,5,3,1300,0.13924514279796296,0.3785172285754518,0.11085840494721182,0.03828090320906758,0.22052980142628476,0.026285139182268893
0.003,5,5,1300,0.13678682417269658,0.4027141318241069,0.10937467652454455,0.037196061201731676,0.21689928767637082,0.02476433149973134
0.003,5,10,1300,0.13449095326413157,0.4216199608320478,0.10842104438144344,0.032043848505768684,0.21898210463552262,0.02138404919806291
0.005,5,3,1300,0.14426042666120625,0.3769925466554617,0.11219603839233191,0.03742725002717463,0.21966415187207533,0.02747897602786946
0.005,5,5,1300,0.13868667403125418,0.38777882269818603,0.10966585006265298,0.03781976379732318,0.21580912518483614,0.026353010791383868
0.005,5,10,1300,0.13679762961312478,0.4006685238774482,0.10947202066458894,0.034488240919217046,0.22233047229945335,0.023104632946892294
0.001,5,3,1400,0.1326402202051677,0.3969911582264895,0.1072932710027474,0.03212770190279273,0.24011383944305206,0.021327716735776554
0.001,5,5,1400,0.13251242223721907,0.4163889588255304,0.1074640560960439,0.031080740683542673,0.21454016511526006,0.020702167139668926
0.001,5,10,1400,0.13059654761492812,0.44089901696521344,0.10607454642486544,0.02782436135655392,0.1916248670536859,0.018546820610038116
0.003,5,3,1400,0.14013417056144228,0.3811859426716476,0.1112059445633993,0.03843299340619126,0.22399009555442778,0.02668962233082501
0.003,5,5,1400,0.13711420372944866,0.4019474927157625,0.10951866031976638,0.037533917035386076,0.2178041418959986,0.025146303071917266
0.003,5,10,1400,0.13513024507122093,0.4281392884972434,0.10882576856519781,0.03265350615369167,0.22338741210565474,0.021915723385143256
0.005,5,3,1400,0.14500578965764804,0.37231521996953776,0.1121454913983773,0.03733652594994248,0.2185251627062646,0.02750334264428113
0.005,5,5,1400,0.13963053089848865,0.3855715610763205,0.11006051419651539,0.03758213272090739,0.22033287452479183,0.026424080679078265
0.005,5,10,1400,0.13686471847824458,0.38970389470400973,0.1094372091848139,0.03497508278036747,0.21852928719762651,0.023449189915261535
0.001,5,3,1500,0.1329521207521051,0.39833007118729646,0.10748569332119977,0.03249697321117303,0.23974133685578863,0.02161093721579868
0.001,5,5,1500,0.13285136481396437,0.413132190079846,0.10764538252298812,0.03149564624614304,0.21460653821528766,0.020978378357172072
0.001,5,10,1500,0.13093581956192055,0.4386919313885401,0.10629119634029686,0.02797067867919038,0.19116266058858855,0.018669978402599128
0.003,5,3,1500,0.14056145338284828,0.3752841524326865,0.11126843910330102,0.038272179692048665,0.21939548907629144,0.026650517965956078
0.003,5,5,1500,0.1372641932920597,0.39889605543545487,0.10928465669914303,0.03779078069984096,0.21906580752876187,0.02547437381593836
0.003,5,10,1500,0.13556431012210476,0.42354467527868167,0.1091129601781737,0.032839589298910676,0.22127560047696396,0.022078131316213532
0.005,5,3,1500,0.1457218894880527,0.37560656399862774,0.11234570663723323,0.03741875562311081,0.2276895527126053,0.02798993955509889
0.005,5,5,1500,0.1406974383992268,0.37855470210039177,0.1103601327880281,0.037895385370177545,0.2189409863074224,0.027199572488611896
0.005,5,10,1500,0.1375569194248776,0.39277632107816207,0.10972767025709569,0.03544988333654114,0.21942580937071643,0.023798312060547142
0.001,5,3,1600,0.1332647521812737,0.39539191138497143,0.10759226920618159,0.03287507015168936,0.23614032748971497,0.021837612244345602
0.001,5,5,1600,0.13310318114938524,0.41426523329727205,0.1077969906535374,0.03187086669644033,0.21742261307182623,0.021250606328657946
0.001,5,10,1600,0.13116806930520603,0.44019379045096496,0.10644108202379929,0.028175840575537445,0.1941280178785639,0.018768711280418588
0.003,5,3,1600,0.14105497620666294,0.3700546769057703,0.11135702688780216,0.03818440277214776,0.21594349479593142,0.026832756172545928
0.003,5,5,1600,0.1374953591947014,0.3941115052551953,0.10931044821748781,0.03791574143885507,0.2163074400936165,0.025552484325485708
0.003,5,10,1600,0.13582178189666086,0.4184983539320397,0.10918461675464053,0.033198015800029256,0.21782522962823667,0.022246601283488435
0.005,5,3,1600,0.14606749859307291,0.3818912047096284,0.11245836136432583,0.037417290935109336,0.22688401846669531,0.028193793451152492
0.005,5,5,1600,0.1415445942839898,0.37360484892283946,0.11063300824869257,0.037369202509380306,0.2169382951817473,0.026989772495190037
0.005,5,10,1600,0.13768501972571315,0.39261301788986935,0.1097241093898221,0.03589042851980141,0.21985711096368218,0.024453957690918994
0.001,5,3,1700,0.1335401228876468,0.39532797782129964,0.10768615829919588,0.03319882176741499,0.23523076791972708,0.022020870515558403
0.001,5,5,1700,0.13325828356352593,0.4116659830811208,0.10788599464533113,0.032059999800400474,0.21809106073907264,0.02137752011842454
0.001,5,10,1700,0.13132981634145974,0.4395081239611921,0.10652583796438386,0.02832480510652277,0.19554281135850654,0.018847519885520497
0.003,5,3,1700,0.14166100814506247,0.37541957676463306,0.11160917820016754,0.0382626561942975,0.21677370748635136,0.027227532024841863
0.003,5,5,1700,0.13782896094248454,0.3972374461403384,0.10950474332341904,0.03816765742554316,0.21844392353199835,0.026058714776823203
0.003,5,10,1700,0.13605323975463757,0.41479820784163823,0.10919085175727147,0.03367605453417456,0.21822524577381663,0.022519911245649674
0.005,5,3,1700,0.14707795873995272,0.3733360960170598,0.11292328350256275,0.037110303226106346,0.21998578761642176,0.027997364590696152
0.005,5,5,1700,0.14229261339985222,0.38072027968951333,0.11100144550799573,0.03728328127783851,0.21761936491905903,0.02703684651863991
0.005,5,10,1700,0.1379328522229641,0.38789820235091144,0.10953921393363261,0.035983276562607254,0.21832614036888603,0.024332028271486804
0.001,5,3,1800,0.1338533795556113,0.394914723444041,0.10789025853484893,0.03366405159175997,0.2334940050014546,0.02227941743673572
0.001,5,5,1800,0.13343236204859504,0.4106598664956921,0.10789746517998097,0.03251001386320814,0.21868769951684336,0.021645135973921342
0.001,5,10,1800,0.1316118068526312,0.4394513593807113,0.10670003506292014,0.028537863446978947,0.19954108668845374,0.01896802233068505
0.003,5,3,1800,0.1418216961776873,0.3759723666425735,0.11138222014482535,0.03830127587295197,0.21470721450139058,0.027413499021985532
0.003,5,5,1800,0.13870649839335697,0.3905786661843803,0.1100237099206048,0.038287632482898626,0.21901059588798674,0.0263523508670189
0.003,5,10,1800,0.13626313250797625,0.4111288834283326,0.10936501601567347,0.03397031302646395,0.22267901092705525,0.022622803163646194
0.005,5,3,1800,0.14740765432113653,0.36900988862398104,0.11294853893071215,0.03726086061005396,0.21406925200619215,0.028048696430458403
0.005,5,5,1800,0.14252638317556457,0.37448676719370644,0.11068151673701536,0.03730174593118464,0.2156434375258928,0.027378317338767045
0.005,5,10,1800,0.13837291496802775,0.3868747989123177,0.10980767470318245,0.0361528933748603,0.21910345942529394,0.024516457253091303
0.001,5,3,1900,0.13407445097156448,0.39520361458906794,0.10803338485286396,0.03397487779162345,0.23396236397723585,0.02245961530278349
0.001,5,5,1900,0.13356680347623812,0.4093125928277428,0.10797047987861272,0.03280724177387563,0.221044639618062,0.021817391801114354
0.001,5,10,1900,0.1317979361244061,0.4380331414801949,0.10685241726194628,0.02874818875796136,0.20041513191304702,0.019226311323451192
0.003,5,3,1900,0.14247811322133877,0.37564406875245976,0.1116787579495202,0.03823749261675055,0.2158633804028523,0.02741995199846774
0.003,5,5,1900,0.13901665769365734,0.3906926704038818,0.11015143180687186,0.03839051175536292,0.22118269041104335,0.02663625529391215
0.003,5,10,1900,0.1362670041077829,0.4076055893545313,0.10930083871747612,0.03413805520599003,0.2255219567704938,0.02284041826716783
0.005,5,3,1900,0.14708763255252177,0.37030478867383276,0.11243759298833192,0.037070506021146324,0.21598078527114192,0.027797858382981804
0.005,5,5,1900,0.14301524733180543,0.37602769912728057,0.1107724166006403,0.0369926380629355,0.21932837283786757,0.02755567547609199
0.005,5,10,1900,0.13852976440454365,0.3825461413942036,0.10967404502404487,0.036408356550102265,0.2194265296619841,0.02480389688796119
0.001,5,3,2000,0.1343535227110894,0.393633927775017,0.10817273017901038,0.03441316136401748,0.23283507469274006,0.022706686980863894
0.001,5,5,2000,0.13379774801159944,0.4081793346316228,0.10808980577057033,0.03319438099156587,0.22037498921555068,0.021964099077837185
0.001,5,10,2000,0.13198617885906108,0.4360087914034395,0.10698274825429036,0.02886524504987621,0.203444956623636,0.019294080759618797
0.003,5,3,2000,0.14289922629750534,0.3669430914779853,0.11162073343082576,0.037967687768457145,0.21469614021844038,0.027464391074888257
0.003,5,5,2000,0.13934330281351193,0.384792452668215,0.11015580566167923,0.03805813811747394,0.21749082103228726,0.026632139532979472
0.003,5,10,2000,0.13637022837044657,0.40088653447333894,0.10929886494555226,0.03434118284980733,0.2230088221311584,0.023135793814353923
0.005,5,3,2000,0.1474446471546623,0.3618750389761949,0.1127630500361068,0.036988565729109205,0.21558488196453335,0.0276412668933316
0.005,5,5,2000,0.14388715475385877,0.3779838463476913,0.1113554678843079,0.03710849279979101,0.2262358394387633,0.027821786982055327
0.005,5,10,2000,0.1388036221059968,0.38120114527656573,0.1096527434343447,0.036367788514853235,0.22098871092259,0.02477978706969571
0.001,5,3,2100,0.13460483604636433,0.39708930032214207,0.10831421329463682,0.03472380005555421,0.23442264934833104,0.02288910966391838
0.001,5,5,2100,0.13396523116073772,0.4067243205278279,0.10819476183484647,0.0334808195706431,0.21999989723167854,0.02211084398524878
0.001,5,10,2100,0.13211568668578577,0.4382605436662912,0.10706759361514898,0.02916100622420108,0.20422821949972136,0.019496782591983824
0.003,5,3,2100,0.1433922224586677,0.37122154546852776,0.11168044717491325,0.037939034550134657,0.21734248454056448,0.02777971197946703
0.003,5,5,2100,0.13952907443476117,0.38367749409435953,0.11010211995475987,0.03805433244244892,0.2191013726108001,0.026822705734697142
0.003,5,10,2100,0.13656861482325322,0.39423790468877495,0.10936577322718048,0.03481397517601902,0.22120282256571971,0.023400574300587212
0.005,5,3,2100,0.1483215795841592,0.37432096616006205,0.11331743659681956,0.037376913877534085,0.22403048570285833,0.027917358250116733
0.005,5,5,2100,0.14429021006359447,0.37581542580619676,0.1114750612566258,0.037123821706395194,0.2236348920346158,0.027770430280957156
0.005,5,10,2100,0.13941147042246207,0.37781898049837687,0.10982491191598595,0.03657054741131969,0.21954295643897823,0.024875239262872374
0.001,5,3,2200,0.13473989334865227,0.3942450256177842,0.1083285504462445,0.03492023715820377,0.2316195131510041,0.022972225256607855
0.001,5,5,2200,0.1341222322698591,0.40772544316087067,0.10833084106113892,0.03381545632175982,0.22225791634951775,0.022379235555161685
0.001,5,10,2200,0.13232656899006512,0.43417788694633536,0.10716784751331758,0.029209142722021363,0.20345293736085768,0.01953979524662519
0.003,5,3,2200,0.14417490965363827,0.3717018986892612,0.11198768717988608,0.038024019405296074,0.2191900705264621,0.028105774843648842
0.003,5,5,2200,0.14002995338541308,0.38278503063282643,0.11040172150067103,0.03803499528120223,0.21496672468208872,0.02688038622192253
0.003,5,10,2200,0.13675934111039798,0.3909765803824247,0.10946545504930674,0.03510666905460754,0.222758400032785,0.0234939562030591
0.005,5,3,2200,0.14851379611473187,0.3713214819803804,0.11328960260553893,0.03705526598759529,0.2250852935279394,0.027558617873181285
0.005,5,5,2200,0.1448725630780956,0.3808315567184266,0.11159239082042365,0.03710443319833036,0.22668530671157652,0.027949028251392363
0.005,5,10,2200,0.13973813655427142,0.37316137538217325,0.10996067178173959,0.036553901741856035,0.2162455177309701,0.02496111569434615
0.001,5,3,2300,0.1349900744163391,0.39238509867647514,0.10840090829889866,0.035144987074264965,0.23031354070998286,0.02307869712124941
0.001,5,5,2300,0.1342479345395461,0.4094240090769574,0.10837773151042587,0.03408492317603437,0.22214509599969492,0.02251118355684429
0.001,5,10,2300,0.13242926558776874,0.4357703253803976,0.10724505016179224,0.029493001328651985,0.20200760823216438,0.019766901447385986
0.003,5,3,2300,0.14460583151529968,0.3690428501460722,0.11192294270842526,0.03796126349217257,0.21212554114426743,0.02814302827854238
0.003,5,5,2300,0.1402007912452934,0.38410258052541124,0.11026471341491706,0.037984231896378465,0.21578754397760497,0.027052059260703424
0.003,5,10,2300,0.137034778576183,0.3890175099668177,0.10958932990598098,0.035092961829562674,0.22451059601766993,0.023334542533087133
0.005,5,3,2300,0.14834290629809554,0.3651916938302696,0.11280277486845784,0.03710359547835578,0.2268318682556188,0.027807188624844933
0.005,5,5,2300,0.14518356768407395,0.3776444660067935,0.11162719925963596,0.03684708067207153,0.22485322404650138,0.027618364725097103
0.005,5,10,2300,0.14036384619808298,0.38090149078378,0.11018660750843812,0.03665733689019955,0.21813229363418946,0.025110477325231105
0.001,5,3,2400,0.13530490787166552,0.39239745085780625,0.10863113896452212,0.035420331497103344,0.23247914897259508,0.023283232163306408
0.001,5,5,2400,0.13444438700785444,0.4095797177788304,0.10852812607452815,0.03440410318903617,0.22324699698936584,0.02270854890683751
0.001,5,10,2400,0.1326070605437037,0.43262685871138434,0.10734900018976017,0.029598740142194397,0.20012662891036878,0.01980752347360144
0.003,5,3,2400,0.14485144335315756,0.3717206068284256,0.11189771056634143,0.03794970493676596,0.2115386811541239,0.028151130658474653
0.003,5,5,2400,0.14063879104859917,0.3829510339956955,0.1104915195644364,0.03783772436107017,0.21544905678620793,0.027162387381423524
0.003,5,10,2400,0.1372971105089391,0.38551224093071496,0.1096427298856993,0.03533256789793457,0.22391968063521056,0.02342422846078173
0.005,5,3,2400,0.14861234017941768,0.3584619683287532,0.11292689841268475,0.03708814659055361,0.22241327105046402,0.02771175940810149
0.005,5,5,2400,0.1456528048348914,0.3669115911889132,0.11173359777811313,0.036814536591993074,0.22120310575632646,0.02760086770976327
0.005,5,10,2400,0.14068947552219863,0.3756756443125987,0.11028835816278852,0.036727970126852,0.21535970915370636,0.025340519825076294
0.001,5,3,2500,0.13558515462525658,0.39137702657651463,0.10888229678603951,0.035644202754951046,0.23364479699329954,0.023498955345080185
0.001,5,5,2500,0.13454761012886896,0.40688069584872394,0.10857897923820237,0.03467426948607724,0.22221517167313282,0.02286925222075859
0.001,5,10,2500,0.13283361170485197,0.4301002074997452,0.10746234353353483,0.029722577454397197,0.20263451706356314,0.019873497790956055
0.003,5,3,2500,0.14514984153991392,0.3769610131086073,0.1119570138369245,0.03782529982998225,0.21496540848324902,0.028041500296104
0.003,5,5,2500,0.14101668612237073,0.3861450949060776,0.11045826013734668,0.03766441126588236,0.21780271770261253,0.02718716014115119
0.003,5,10,2500,0.13745035589733326,0.3825544312599799,0.10972651344979749,0.0354934081622624,0.22492592664469,0.023555518721789622
0.005,5,3,2500,0.14846126198352405,0.3601077523443362,0.1128128138620185,0.036999856583491225,0.21903466830489937,0.027448093282433
0.005,5,5,2500,0.14612109317680252,0.3716358596090193,0.11210127483512675,0.03700283134871454,0.2241312049206713,0.027803821102232448
0.005,5,10,2500,0.14076227486275394,0.3766881879927467,0.11004224098882676,0.03682423294169008,0.21912685983616562,0.025475538912618046
0.001,5,3,2600,0.13587037242095729,0.3912798713109526,0.10903997935873166,0.035983598086302054,0.2336902158992529,0.023810465175656773
0.001,5,5,2600,0.13467649301394174,0.40646065764253675,0.10862185366235129,0.03492158900001487,0.22172788818103692,0.022943702453688677
0.001,5,10,2600,0.13293781425788734,0.42808627985070824,0.10750661480643256,0.029895088134709397,0.20216918600653414,0.01999315019046279
0.003,5,3,2600,0.1455041421405722,0.3768378524517961,0.11214826160840656,0.0376821505148899,0.21363058994165002,0.027959406828512195
0.003,5,5,2600,0.1412725339772633,0.3829148242707333,0.11042405587397205,0.0376641021913843,0.21541725422695862,0.027280733528360412
0.003,5,10,2600,0.13765244576078473,0.38269679059752587,0.10983289476486732,0.03578616912971778,0.22244566939074797,0.023821226425086713
0.005,5,3,2600,0.14873101720121604,0.3702165639928265,0.11297673020486658,0.03730065705582259,0.2303706405286042,0.027822640968764474
0.005,5,5,2600,0.14634498023456669,0.3721536069909896,0.11211162047002343,0.036825439906012246,0.22241945471407712,0.027501857985126273
0.005,5,10,2600,0.141131943248609,0.37563616587631854,0.11015020723875699,0.036833585716840984,0.21890618166830345,0.025750822843960613
0.001,5,3,2700,0.1360852934327621,0.3935364215152152,0.109203314050684,0.036127348114494126,0.23502114454735365,0.023984974172698216
0.001,5,5,2700,0.13477553984011653,0.40492634679523387,0.10867800183058744,0.035139015673185746,0.22318018157892686,0.023089893843808718
0.001,5,10,2700,0.13310507523386436,0.42522925976807857,0.10760660058606882,0.030080123671228386,0.2013666642988325,0.020058664463963205
0.003,5,3,2700,0.1458720875728583,0.3734527035407141,0.11228472565973628,0.03759126117224095,0.212433869819627,0.027814840355858007
0.003,5,5,2700,0.14169464064446285,0.387562104504135,0.11055871333838266,0.03769117597189551,0.21536900216136257,0.027574009248235172
0.003,5,10,2700,0.13789206203433255,0.38384558931581647,0.1099989278718363,0.0357277111469951,0.22747225474955715,0.023860015243052434
0.005,5,3,2700,0.149170577192044,0.3711676972571082,0.11326153425919365,0.0371670485840253,0.2280762415960175,0.02756882571222751
0.005,5,5,2700,0.14639972535161655,0.36496042909259946,0.11193905366854737,0.03661277250129835,0.21259105999359493,0.027127245081978165
0.005,5,10,2700,0.14123568190066174,0.3687595325825215,0.11007030364220557,0.03657558821179937,0.21214317660015922,0.02564144787570845
0.001,5,3,2800,0.1363476714359714,0.39140334205712735,0.10936143917224148,0.03623364960391363,0.2323165902454998,0.024064582970344736
0.001,5,5,2800,0.13494763173352126,0.4061594298067682,0.10873632800223931,0.03532609673369999,0.22230432702132444,0.02320484933959666
0.001,5,10,2800,0.13315716237437186,0.4243877404743932,0.10761140067654287,0.030251418412630363,0.20193111937315159,0.02010662586875882
0.003,5,3,2800,0.1460425967963744,0.3793828069109715,0.11237570411975754,0.03757010850521685,0.2190251389292129,0.02783664930889734
0.003,5,5,2800,0.1421744461443405,0.3816710553994763,0.11078254154893959,0.03763784249749807,0.21456213869016966,0.02748018851888077
0.003,5,10,2800,0.1382104313553896,0.3804824090280922,0.11007905391685749,0.03578595750460784,0.22476120480438858,0.024096720633910346
0.005,5,3,2800,0.14953763779219745,0.36394113132270184,0.11338326661135531,0.037284659417419194,0.22621507378486236,0.02760952492246704
0.005,5,5,2800,0.1464260800696518,0.369864573746297,0.11183636032942948,0.03615730542066357,0.2136036413512779,0.02662352407685647
0.005,5,10,2800,0.14112507617440045,0.36626797134724753,0.10986932356675197,0.03630483058874085,0.2099261530113545,0.025598433697140755
0.001,5,3,2900,0.13650489339602434,0.39159691900962396,0.10941808276486072,0.036481790110241545,0.23191733621673286,0.02429118243433961
0.001,5,5,2900,0.1350113769349276,0.4050983484523969,0.10874114240982458,0.035575523105056,0.2231458759903564,0.023440625514088338
0.001,5,10,2900,0.13316727971219453,0.42408017636961537,0.10764587715313349,0.030473984646197147,0.20329998363627871,0.020269549408538815
0.003,5,3,2900,0.14649565790072466,0.37901384656163317,0.11260392707689218,0.037572292187171404,0.22092974674222515,0.027950872944330706
0.003,5,5,2900,0.14218792709367584,0.3775805914834124,0.11046164929547156,0.03769157892917003,0.20988866915614657,0.027844837324427673
0.003,5,10,2900,0.13824293226376366,0.381460593604462,0.11003391568429391,0.03614558105229928,0.22358000106783085,0.024310595850388254
0.005,5,3,2900,0.14910144308360163,0.3537926124400399,0.11302060518310113,0.03711947968735531,0.21630585176326667,0.027380520386167014
0.005,5,5,2900,0.14710462598186416,0.36795334586673933,0.11221158070988038,0.03628715618215656,0.21467371713770222,0.026658255800699384
0.005,5,10,2900,0.141447366354267,0.36727519143192155,0.11008951894646402,0.036495259860738254,0.21347257369659112,0.02595614611769279
0.001,5,3,3000,0.13668935463149604,0.3913748698748063,0.1094979659698941,0.03662701915151628,0.2303251785766369,0.0244254865772361
0.001,5,5,3000,0.13512317391412693,0.40408847869840175,0.10878267590903275,0.03577865880916658,0.22300362983252422,0.023571572997467635
0.001,5,10,3000,0.13334193171442058,0.4210915556133969,0.10775259300182205,0.030603644297224872,0.20521921591598255,0.020343525626383828
0.003,5,3,3000,0.14657343195336056,0.37500475547767326,0.11248441566589992,0.03770465886012709,0.21838363828830307,0.027953310617634817
0.003,5,5,3000,0.14262458414912857,0.38086628134457995,0.11053286899135446,0.03762025315541819,0.21300593556752412,0.027897508499111302
0.003,5,10,3000,0.13853172434525352,0.3812654657458487,0.11021583127145125,0.03626260811663201,0.22231252935129736,0.024343720734095145
0.005,5,3,3000,0.14890195141515408,0.35568148473102906,0.11309296952264984,0.037293139089434185,0.21504730114635484,0.02741390660847289
0.005,5,5,3000,0.147416798664142,0.36823636468046717,0.11221813234437553,0.03628562553271515,0.21397199364378713,0.02657325369220093
0.005,5,10,3000,0.1416049782305735,0.36633567828529423,0.11005438691968569,0.03666893282456322,0.21397187402725754,0.026027123872186
0.001,5,3,3100,0.13689614751709167,0.3915776468778257,0.10960565923260827,0.0368984353679186,0.2290523964608371,0.02471246552575379
0.001,5,5,3100,0.13524528967346655,0.4029518698689678,0.1088551652629125,0.03586623039943325,0.22197856380769054,0.023594580505214312
0.001,5,10,3100,0.13344810792544465,0.42295887246561586,0.10782227947926651,0.03076493969869627,0.20717868667345782,0.02044342246858885
0.003,5,3,3100,0.14695908428584967,0.3697700006686144,0.11274801096624765,0.037655792855975805,0.21908982846306949,0.02809214126686522
0.003,5,5,3100,0.14303020712355322,0.3833940632053508,0.1108059495015529,0.03729655863098999,0.21453457851688526,0.02770416735839152
0.003,5,10,3100,0.13860482582199432,0.384766271286965,0.11010705033942292,0.036309214544686164,0.2249932520842038,0.024451528403153646
0.005,5,3,3100,0.14919263818582892,0.3578462203945267,0.11316348033275173,0.03707998411134651,0.21994742014270752,0.027466178901601596
0.005,5,5,3100,0.14759026625135802,0.3727103297239884,0.11223058852210366,0.0362146946098623,0.21616118061947404,0.02647588795566875
0.005,5,10,3100,0.14203037336811836,0.37280902468638966,0.11028270887307437,0.03658762443630893,0.21539521941355025,0.02619542476876328
0.001,5,3,3200,0.13725911672861466,0.3888145603655054,0.10978328316336035,0.037075290217945096,0.22657820784548047,0.02488283789089179
0.001,5,5,3200,0.13538151673225624,0.40188524219866134,0.10889970977884085,0.03611460363650425,0.22251262058229693,0.02378465022919559
0.001,5,10,3200,0.13355978598339718,0.4232856146866637,0.10789418137267948,0.030895240891753196,0.20923644407060119,0.02052327869243476
0.003,5,3,3200,0.14716082688871232,0.3633364096256684,0.11273140136472223,0.037558809440029484,0.21791543532210145,0.027935661822041203
0.003,5,5,3200,0.14299004458557532,0.3898390016845157,0.11072064579314285,0.0370990381941768,0.217114581583531,0.02766897535860534
0.003,5,10,3200,0.1388763146503904,0.38639090865115533,0.11020470781232095,0.036083952851627424,0.22671635659734976,0.024281063101174203
0.005,5,3,3200,0.1496947739726368,0.3607108512832277,0.11360499769953716,0.03713189281719105,0.21634524876023292,0.027394925722596282
0.005,5,5,3200,0.14781832348925153,0.36893252091198375,0.11233023706010206,0.03643654997534376,0.21416295180593742,0.026669878099613846
0.005,5,10,3200,0.14224309346258693,0.3715586561552415,0.11017954462931426,0.03661837820757558,0.21722795220185237,0.026136983285526844
0.001,5,3,3300,0.13755997894101796,0.3910727627498542,0.1099277930660254,0.03717323521016902,0.22740513889221797,0.02501334249688309
0.001,5,5,3300,0.13556630113109053,0.40366612509125527,0.10898100152958068,0.03631323845721398,0.2243963074575548,0.02393821359580979
0.001,5,10,3300,0.13370644223355826,0.42201801422422075,0.1079812977352618,0.031036891268156407,0.21047275723676334,0.020619504694444197
0.003,5,3,3300,0.14701402814562198,0.3590571336424854,0.11229075026682352,0.03739118343488619,0.2152233443998589,0.027974203778251813
0.003,5,5,3300,0.14325142723318685,0.38946332528329347,0.11078140594126462,0.03685900468075203,0.21574650923129532,0.02761392436514401
0.003,5,10,3300,0.1389457607736971,0.385288157717626,0.11010929279541463,0.03622935815482734,0.2260330326590096,0.02433440468846942
0.005,5,3,3300,0.14979985041147806,0.36563997339939003,0.11368722870890205,0.03700007159420924,0.21598114974769744,0.027247112182522123
0.005,5,5,3300,0.14823879164721118,0.36742108423987696,0.11268577330928738,0.036682301140304116,0.2214171833462345,0.027055444186647126
0.005,5,10,3300,0.14239941643689782,0.3689931665398497,0.11034766677909076,0.036521881329158616,0.22100137182094678,0.026352555383957824
0.001,5,3,3400,0.13774836973119803,0.3905131003969631,0.1099936296228325,0.03731117430278229,0.22713947625679962,0.02524227994483196
0.001,5,5,3400,0.1357733589968993,0.4018818474272835,0.10909723880101763,0.036537766163535795,0.22344280267344974,0.024087971470070687
0.001,5,10,3400,0.13381149154318858,0.4200846795613491,0.1080158158861654,0.03115669439135157,0.2115154514805594,0.02073529166800829
0.003,5,3,3400,0.1473767510981159,0.3608641911309168,0.11258758235951967,0.03737700863656877,0.2169625063167941,0.028011620542668043
0.003,5,5,3400,0.14371047905815093,0.38486344957394664,0.11103991956934516,0.03685302681220209,0.216485651741584,0.02769975159669303
0.003,5,10,3400,0.13914983819828877,0.3868275281658339,0.11019209718624365,0.03634802656162948,0.226382712762929,0.02449966371406702
0.005,5,3,3400,0.1497937224102006,0.3598056951991664,0.11381716228106764,0.03711857219931947,0.21064820031099676,0.02699152832156657
0.005,5,5,3400,0.1486023896092913,0.36288375153698277,0.1126694172236147,0.03629014995621163,0.21691566725720438,0.026657825689887567
0.005,5,10,3400,0.14307656451410677,0.3663267019936648,0.11083424130499028,0.03622045633300514,0.21999270410999,0.026197857212419552
0.001,5,3,3500,0.13810098842909113,0.390092456648675,0.11013958639662032,0.0373097075464005,0.22603944237882298,0.025334281064315407
0.001,5,5,3500,0.13593503422407566,0.3981127326505965,0.10914430317370369,0.036621002732190024,0.22180438392935498,0.02408066968989045
0.001,5,10,3500,0.1339388487921634,0.41835471900713606,0.10807165114580386,0.031305996539469465,0.2140594233366656,0.020877165194802948
0.003,5,3,3500,0.147530239565069,0.35924822670343753,0.11261467526709987,0.03739134608159269,0.21659882866318614,0.02795606971494346
0.003,5,5,3500,0.14399762576138425,0.3807894868487509,0.11115031782111058,0.03670991219667767,0.21881998351697882,0.027510936264032938
0.003,5,10,3500,0.13925327198955098,0.38510912931683156,0.11014441701618623,0.03639480473279354,0.22634283263963612,0.024526154806196094
0.005,5,3,3500,0.14984463805096057,0.36251115286307894,0.11366950929939967,0.03706051222628197,0.2105104014684649,0.02691831142125981
0.005,5,5,3500,0.14848320143928034,0.3628467841928236,0.11258537667182358,0.03666708256796665,0.2202859801544991,0.027005861571978887
0.005,5,10,3500,0.14332272238807334,0.36392225432208397,0.11090439856874945,0.03627074698539506,0.21965870690080347,0.02640748598134153
0.001,5,3,3600,0.138462031490132,0.39011494788283263,0.11032141634156442,0.03731537685658923,0.22586956696626495,0.025391666337645537
0.001,5,5,3600,0.13601127645020974,0.4002205291289476,0.10909769646271934,0.03674042390363433,0.22290290497355575,0.024185778032039258
0.001,5,10,3600,0.13408583276064903,0.4134138379737534,0.10814802462147596,0.03146530262325056,0.21222054054935788,0.020967573796905798
0.003,5,3,3600,0.1478525267524205,0.36319065403677275,0.11272635473015133,0.03725539114952684,0.21562090651991783,0.027793214262727003
0.003,5,5,3600,0.1441118715837015,0.3811018852148231,0.11099712495466829,0.03672374272147379,0.21861453795754865,0.02767480870583102
0.003,5,10,3600,0.1394209987073794,0.3830546859573703,0.1101144333360868,0.036499851654714435,0.22518436152328697,0.024657397303161854
0.005,5,3,3600,0.14976500223475792,0.35888507771901534,0.11375546806050565,0.03733954767690089,0.21248207880399367,0.02743815599537522
0.005,5,5,3600,0.1483285634698805,0.3597381062054839,0.11237509960271871,0.03672521843369163,0.2162712088713236,0.026699448357680997
0.005,5,10,3600,0.14347672855481458,0.36499657765566085,0.1107420462684567,0.03644073269293259,0.21892631828853787,0.0268399724673988
0.001,5,3,3700,0.13881361341169243,0.38810518242583425,0.11046808835997349,0.03731883776188223,0.22471346778609033,0.02545295013414897
0.001,5,5,3700,0.13613364839544256,0.40014896816873613,0.10912101359103521,0.03692736968141955,0.22396896486002976,0.02435498008259097
0.001,5,10,3700,0.13418868373706952,0.4133016323709697,0.10822589823906184,0.031582737638461054,0.21308800107896808,0.021104368281885985
0.003,5,3,3700,0.1476563970920562,0.3621331120569574,0.11256330927814426,0.037259343094968776,0.21593190132442594,0.027720957370871033
0.003,5,5,3700,0.1444527049749711,0.3806388643929954,0.11106109928925205,0.0367092337597901,0.2187875568721487,0.02769004783412887
0.003,5,10,3700,0.1397441320318429,0.38045982477039236,0.11021548802893381,0.036749067588587474,0.22362296558402,0.024843159070794783
0.005,5,3,3700,0.1496946983049706,0.3441084735172696,0.11361579073433314,0.03749473005754135,0.20652574412513,0.027424156149777505
0.005,5,5,3700,0.14834135645866897,0.3613860466384907,0.11229158359452329,0.036598532251797225,0.2162554051768612,0.026739301429647477
0.005,5,10,3700,0.1438734096398527,0.36371625603557384,0.11073825515376892,0.03653334573985777,0.21927055950959004,0.026830074746779092
0.001,5,3,3800,0.13897089731531848,0.38772273988901046,0.11050270406956664,0.037324291352837886,0.22418445813930332,0.025531726242801808
0.001,5,5,3800,0.13629025818969298,0.39937492036343186,0.10913799930795146,0.036992813117226034,0.2225620331903048,0.024410988844734686
0.001,5,10,3800,0.1343858816796113,0.41176523144785476,0.10835125585182692,0.03182741201141374,0.21152103015316312,0.021246320886760966
0.003,5,3,3800,0.14781878419228445,0.36338817710933835,0.11261852415582665,0.03736177102437573,0.21859781357033778,0.027955075618738556
0.003,5,5,3800,0.14455388079598427,0.37646834774097665,0.11090063281025539,0.03657180399709347,0.21773775691770245,0.027570686928122683
0.003,5,10,3800,0.14008907074058594,0.3742222334559324,0.11036385065639684,0.03693948579537121,0.22141618539057537,0.02514878932233173
0.005,5,3,3800,0.14934024893018874,0.34658988547291436,0.113514021253497,0.03756603304650349,0.2117276265637046,0.02756884889392792
0.005,5,5,3800,0.14780423027211453,0.36362749034737196,0.1118550408946899,0.03660012899375333,0.21552781464952592,0.026537946980739042
0.005,5,10,3800,0.14387781871479816,0.36168139134148264,0.11067216340220014,0.03640290088838357,0.2213306778443609,0.02682955781468575
0.001,5,3,3900,0.13922259647509289,0.38614416853551387,0.11061265209897826,0.03741475464096204,0.22328263106964258,0.025666100027079204
0.001,5,5,3900,0.13638411627735797,0.39801779958119565,0.10913286597382799,0.037127925053693916,0.22300693839872845,0.0245162783920632
0.001,5,10,3900,0.13450845689830077,0.4104335612100842,0.10843322394048296,0.03187985830557723,0.21382729399715505,0.02126545202939414
0.003,5,3,3900,0.14768481986895196,0.36292867620559416,0.11258271633136936,0.03723735880460998,0.2223949833018823,0.027590224049390828
0.003,5,5,3900,0.14478563566004665,0.37818982922757605,0.11095318194012127,0.036433567523259436,0.21861144073417993,0.027544615304445307
0.003,5,10,3900,0.1401516088367476,0.3752574442853966,0.11024762345118219,0.037123433383660975,0.2215378157353674,0.025574396270073376
0.005,5,3,3900,0.14912277795425682,0.3425372494428328,0.11321053200504612,0.03735232159785865,0.2066484390562855,0.027329815459533578
0.005,5,5,3900,0.14821316248401248,0.37152935564187667,0.11209293809697903,0.03667346830818143,0.2207856262821593,0.026479551671916037
0.005,5,10,3900,0.144379270211624,0.36049248239800374,0.11104535683244617,0.03634811177603914,0.22258096627392715,0.026805762052337357
0.001,5,3,4000,0.1392993088199864,0.3839133796191803,0.11064496716815231,0.03744784587076299,0.22258471804441513,0.025787032990273236
0.001,5,5,4000,0.13662977660908918,0.39878515930698305,0.10922728111847546,0.03726878585929993,0.22342734789997215,0.024617424085320663
0.001,5,10,4000,0.13458419344622505,0.4091353447959979,0.10846186946813245,0.0319684663844089,0.21312602293116495,0.021298781991529694
0.003,5,3,4000,0.14784872544052513,0.3616055163004592,0.11255837497046177,0.03750323751578296,0.220908313338328,0.027783168792505607
0.003,5,5,4000,0.145164472714518,0.3796468452742351,0.11120172429334237,0.03648981122907875,0.22018925629363423,0.027561443227787523
0.003,5,10,4000,0.1403596402571748,0.375114438859084,0.11025374646076831,0.03722777628608236,0.22270471316017,0.025721108331766992
0.005,5,3,4000,0.14929193936573495,0.34662819411185775,0.11324174999367106,0.03740765742810583,0.2073932756582838,0.02734610439296863
0.005,5,5,4000,0.1483113776094376,0.36810616612396985,0.11229252327719363,0.036844856392614575,0.2211448102354435,0.02656910891805772
0.005,5,10,4000,0.14450954681154765,0.3586638646055055,0.11094272483148193,0.03655068960422318,0.22100786237500708,0.026926164216932866
0.001,5,3,4100,0.13948420446209947,0.38448126580220815,0.11067705139373171,0.03749598459299209,0.22423744070435694,0.02590854748518055
0.001,5,5,4100,0.1368153394821911,0.3971055893549876,0.10926452998431277,0.0373811067929693,0.22394742477120183,0.024742237209917663
0.001,5,10,4100,0.13473655221135614,0.4113665866176855,0.10857590918952867,0.032194717107696766,0.21505151923196456,0.02146975240429045
0.003,5,3,4100,0.14814727140226908,0.3631360842901963,0.11272178665114581,0.037308232572729666,0.2211646816744626,0.027659570991683327
0.003,5,5,4100,0.14537373946311893,0.374280510520311,0.11132707982952891,0.03645349183484273,0.21860082300895572,0.027487513111315663
0.003,5,10,4100,0.14056950421792672,0.37412417044130725,0.1102371104501421,0.03721467328286264,0.22227935990505085,0.025726804347807084
0.005,5,3,4100,0.1495553907334896,0.35358009534391555,0.11367387108332261,0.037415176547614094,0.2085388250175408,0.027312456903054828
0.005,5,5,4100,0.14850127945549782,0.37212634995661537,0.11239032335157165,0.03677849184674018,0.22409015825022713,0.02661616930618311
0.005,5,10,4100,0.14462961979388628,0.3624609083502339,0.11085179605680087,0.036376618880134826,0.22089303468695268,0.02700121081221125
0.001,5,3,4200,0.13981516167332092,0.3822297766053418,0.11082451432867842,0.03748452531283162,0.2237233409327175,0.02597771208504257
0.001,5,5,4200,0.1370494287670459,0.39830625836092215,0.10940415050667796,0.037431814360182676,0.22509932118568923,0.024865971768362322
0.001,5,10,4200,0.13485311435433076,0.41170273578733746,0.10859443580464774,0.032305705835808184,0.21606033316414017,0.021513135065547383
0.003,5,3,4200,0.1478402477238559,0.3634009262679398,0.11257551317397271,0.03734103544615792,0.22153170236026265,0.02770808457090899
0.003,5,5,4200,0.1456584713648697,0.3767563460526971,0.11138550312152076,0.03621901920666391,0.21790252196611146,0.02725476821209932
0.003,5,10,4200,0.1409525345697073,0.37650452654961375,0.11039583494771865,0.03716680422183619,0.22144091535302574,0.025783183079845635
0.005,5,3,4200,0.1500526988215549,0.35108434975485114,0.11403479844805035,0.03720260839612007,0.2096589686362065,0.027171140019923875
0.005,5,5,4200,0.14878370369933683,0.37040060281751025,0.11265070987061701,0.03704565810605329,0.22903040572451136,0.02681590486686857
0.005,5,10,4200,0.14496368544027355,0.3668436600352293,0.1110289966387104,0.03630737380322873,0.22250616182997215,0.02692093294265659
0.001,5,3,4300,0.13997455408471274,0.3827671061414263,0.11085643882571009,0.037540271696636075,0.22459524806928072,0.026122679287135638
0.001,5,5,4300,0.1371760527981109,0.39925287354973465,0.10946246050010192,0.03749882885198157,0.2257064846859163,0.024982268908426114
0.001,5,10,4300,0.13496968014060712,0.4109653115310173,0.10865334544208491,0.03235831130849523,0.2167238789110156,0.021547408539635483
0.003,5,3,4300,0.14796929134428788,0.36151419263220574,0.11260870609540094,0.037273287925032234,0.22084336820705897,0.02763812556352438
0.003,5,5,4300,0.14566942172168468,0.3794543309318505,0.11135377815713139,0.036244949129513225,0.22132811643669073,0.027173297411409246
0.003,5,10,4300,0.14106388518400462,0.37603970886793053,0.11041247484843657,0.03711712669750167,0.2206040011617523,0.02581261715745405
0.005,5,3,4300,0.1506719325294909,0.3536984050786606,0.1145272197077091,0.03759658087897589,0.21913626429826363,0.027829011347313266
0.005,5,5,4300,0.1487282807641305,0.36880325399547276,0.11278784862036631,0.03712308583806861,0.22197982944152342,0.02663858845578769
0.005,5,10,4300,0.14524462156400747,0.3689805311335302,0.11109037692057959,0.03662908386679306,0.2238821002338548,0.027128459104996644
0.001,5,3,4400,0.14016150658385063,0.38236834528568175,0.11088588195561296,0.03751020097404816,0.22301559727005832,0.026200328846420724
0.001,5,5,4400,0.13734522033928043,0.40033795926375,0.10951424110856547,0.03762660852107638,0.2272414962779504,0.025138457551242416
0.001,5,10,4400,0.1350203657175309,0.41091651707371285,0.10867026954700203,0.03243726598057223,0.21880025628696922,0.02161800551664387
0.003,5,3,4400,0.14804441607311014,0.35510354652778625,0.11274448969704354,0.037244465056303466,0.21581984932384002,0.027386827444647877
0.003,5,5,4400,0.14562110866132685,0.37378324876115626,0.11113658985625334,0.035976956830394743,0.2186098204252982,0.027031031033227213
0.003,5,10,4400,0.14130344261079278,0.3781668970610981,0.11041496145076413,0.036865639359653056,0.2232066646751728,0.025673970713541206
0.005,5,3,4400,0.15042060969767043,0.35414948263908486,0.11439790831706945,0.03772759380087287,0.21597468715269758,0.02778003126108751
0.005,5,5,4400,0.14872755701230722,0.3726651850246677,0.112566241603635,0.037036022104361375,0.22733143150607057,0.026837934750084107
0.005,5,10,4400,0.14544163055716997,0.3611651081264067,0.11097366770973309,0.036643953280787955,0.2176956485068517,0.026992568374290402
0.001,5,3,4500,0.14041349417596266,0.3839452285527164,0.11092671805671492,0.037514719818470585,0.22454451495725994,0.026267792746357772
0.001,5,5,4500,0.13743428015181505,0.40032673074547703,0.10950538830331427,0.03763745987083482,0.2261822491250898,0.02516698370391937
0.001,5,10,4500,0.13506367493110819,0.41056111674174345,0.1086708849279793,0.032573822785446106,0.2188614707842596,0.02170207969395476
0.003,5,3,4500,0.1482517280871762,0.35720139024976116,0.11290204426684654,0.037329040678171124,0.21766859214094478,0.027489276445353258
0.003,5,5,4500,0.14599982194930455,0.374118225155995,0.11132949795852473,0.03613891500612469,0.21808176279683664,0.027185283081608672
0.003,5,10,4500,0.14149623147069865,0.3749329589557435,0.11050318962927475,0.0368484069579493,0.22281038623375812,0.025761075070455396
0.005,5,3,4500,0.1501778244382574,0.35665125090565536,0.1142007606671386,0.03763255132656508,0.2184529105965755,0.02761462474488185
0.005,5,5,4500,0.149319146098078,0.3725281455724362,0.1131639907969925,0.03711189224455485,0.2299487592306044,0.026883478713819582
0.005,5,10,4500,0.14579406441311832,0.36246040797278356,0.11097140622637429,0.03683833657782278,0.22015704217088822,0.02712110155799003
0.001,5,3,4600,0.14067000221490011,0.3841180129734545,0.11099416969710316,0.03757594510928487,0.22322568540399723,0.02641595937399091
0.001,5,5,4600,0.13760652558219819,0.39908203476892945,0.10960765550706095,0.03752761136501125,0.2257537868971403,0.025099752827684837
0.001,5,10,4600,0.13528959300883575,0.4126284875872126,0.10885009122200495,0.032695063606713384,0.2199508718929244,0.0217715932689415
0.003,5,3,4600,0.1485343880527087,0.36771389219953055,0.11293429135461956,0.037318728383332854,0.2223946093459095,0.027559128461514187
0.003,5,5,4600,0.14605505420574652,0.3806574835837843,0.11137098915536156,0.03626036977062427,0.22204263479305783,0.027185669112255006
0.003,5,10,4600,0.1414968404991102,0.3727274338601953,0.11031673816012984,0.036922384196358474,0.22370805971035768,0.02595377966807629
0.005,5,3,4600,0.149846180815668,0.3590013019982053,0.11357929362805703,0.03754078674793107,0.21330259105073007,0.027312930165338752
0.005,5,5,4600,0.1491100852155887,0.36522394789729573,0.11276876463772043,0.03689019153894086,0.2205123000906292,0.02665165326156376
0.005,5,10,4600,0.14593319079866934,0.36147563184993425,0.11109677499427202,0.036815694554426036,0.21914774764985487,0.027242438191138717
0.001,5,3,4700,0.14101967258523124,0.38421571349037253,0.11125061445692941,0.03759033462166263,0.22460455120882322,0.026500030752196757
0.001,5,5,4700,0.137843150969369,0.4010158018410584,0.10972403754936597,0.037651522717855095,0.22658840937463184,0.025255324547782898
0.001,5,10,4700,0.135304206264595,0.4106041527953549,0.10882289767384415,0.032810596967868144,0.21906082912720817,0.021814653948079844
0.003,5,3,4700,0.14889023018032166,0.37231778676184485,0.11314818419041932,0.037462400074709974,0.22273250394538613,0.027670900826529402
0.003,5,5,4700,0.14620940869066235,0.37700092458339407,0.11143798347071125,0.036466755743871336,0.22280795570954404,0.02739303535423089
0.003,5,10,4700,0.1417265108677249,0.37550124396978607,0.11045374042433913,0.03690546240034498,0.22488294611314283,0.025983166198333345
0.005,5,3,4700,0.1499874187377323,0.35875775694409995,0.11359194781972995,0.03771368754631423,0.21675013011821995,0.027646018703430305
0.005,5,5,4700,0.14868889062489238,0.3573565550191347,0.11222968756405385,0.036877698731089745,0.21400166672090104,0.026650732047609007
0.005,5,10,4700,0.14600346014615365,0.3682574487715621,0.11091583458059429,0.036679736387887865,0.22359376470488676,0.02705334914913046
0.001,5,3,4800,0.14114603391875802,0.38357148440569466,0.11125324385831195,0.03761999661064288,0.22295855602107367,0.026599287514970805
0.001,5,5,4800,0.1379272501437366,0.4002939476314097,0.10968116683822246,0.03778111480283615,0.22658518992379842,0.025471557817061116
0.001,5,10,4800,0.1353760283966136,0.40904486204509627,0.10884564887586108,0.0330564741058614,0.2196266567334948,0.022003197990608528
0.003,5,3,4800,0.14883047577466962,0.37211548693441854,0.11305477259802266,0.03764721512166677,0.22416481367222665,0.02777120564938628
0.003,5,5,4800,0.14656800823674915,0.37843182796683017,0.11160844922134391,0.03650290167068717,0.2266153074053123,0.02762603513902373
0.003,5,10,4800,0.1420857154046194,0.3739608691709979,0.11065354562477928,0.03687947168970496,0.22458030068319518,0.02605123631038137
0.005,5,3,4800,0.14990873374654495,0.35572841769528407,0.11373247647990692,0.03783742255106914,0.21469487985564845,0.02751747221821771
0.005,5,5,4800,0.1488036098437256,0.35683881312518023,0.11246381468295423,0.036917780338549776,0.20909360424341009,0.02673002271054091
0.005,5,10,4800,0.14605006505936893,0.3645135047730418,0.1107796486240525,0.03628191438231576,0.2211818965567868,0.026338134177193544
0.001,5,3,4900,0.14132914409627534,0.38388310683010013,0.11131310163703627,0.037605747452493066,0.22270156313784117,0.02664832254530385
0.001,5,5,4900,0.13794326544336946,0.40018035619919673,0.109661473425962,0.03784554703254319,0.2265159861059286,0.025602323139725772
0.001,5,10,4900,0.13541924159225827,0.4065750773976008,0.10878900646162362,0.03325701627686792,0.21910144974616752,0.02216802027254394
0.003,5,3,4900,0.14877477129415778,0.37391821948007403,0.11289611184256572,0.037712550366960404,0.2259534196080692,0.02794324631095448
0.003,5,5,4900,0.14693075594421193,0.3775933871227043,0.11173123685936567,0.03666980694644318,0.22628268444854038,0.027789290171353478
0.003,5,10,4900,0.14231863609954754,0.37666937162111813,0.11086515461023057,0.03697833035087793,0.22494474806373121,0.02625749657795936
0.005,5,3,4900,0.14986112635923973,0.3579194278304856,0.11366960253710816,0.037935771070357796,0.2123317093032374,0.027654341311721554
0.005,5,5,4900,0.14857307852298485,0.35143069099712393,0.11236878289275402,0.036753697460176996,0.21129718800412028,0.026628860917474826
0.005,5,10,4900,0.14641840141414297,0.3694831426704476,0.11108421864044697,0.03657436603023143,0.22181194522856584,0.026731451030058726
0.001,5,3,5000,0.14153928201277738,0.38458179280766286,0.11137220408656638,0.03757062468054389,0.22144975432038258,0.026661150162286172
0.001,5,5,5000,0.1379227644105906,0.40115559168701553,0.10955098785662935,0.0379044590931602,0.2261002675078762,0.02573689149699306
0.001,5,10,5000,0.13560084561506003,0.40567658320094296,0.10891143451808874,0.03336252228165425,0.2189986812978087,0.02225871337159753
0.003,5,3,5000,0.14890949381676213,0.3718700274308828,0.11316644502746401,0.037797078983602364,0.22530683313065694,0.027909631752070296
0.003,5,5,5000,0.14734097600549015,0.3773215303817712,0.11200022615619024,0.036683634593272646,0.22787406285032044,0.027673196742229646
0.003,5,10,5000,0.14256935482361785,0.37561958341569757,0.11084916499878061,0.03688398388668832,0.22445101500245793,0.026217039263672862
0.005,5,3,5000,0.15007133643139056,0.35392388283797993,0.11377370743652815,0.03772510390040146,0.2141538184059363,0.02755641823249948
0.005,5,5,5000,0.14868161329550908,0.3571431096248252,0.11243051611871535,0.03679720249538742,0.21211332381448586,0.026437184632301425
0.005,5,10,5000,0.14673551356343578,0.3675127048262272,0.11120068946813606,0.03651563000521489,0.22311402586913254,0.026949026297223396
